<metadata xml:lang="pt"><Esri><CreaDate>20170605</CreaDate><CreaTime>17115000</CreaTime><ArcGISFormat>1.0</ArcGISFormat><SyncOnce>FALSE</SyncOnce><DataProperties><itemProps><itemName Sync="TRUE">5160_2018_12_31_M10_20190125_1801_PONNOT_FORA</itemName><imsContentType Sync="TRUE">002</imsContentType><itemLocation><linkage Sync="TRUE">file://\\sap142\sig-r\Validacao\NVAL\enviadas_preliminar\DIST5160\2018-12-31\5160_2018_12_31_M10_20190125_1801_PONNOT_FORA.shp</linkage><protocol Sync="TRUE">Local Area Network</protocol></itemLocation><itemSize Sync="TRUE">0.000</itemSize></itemProps><coordRef><type Sync="TRUE">Geographic</type><geogcsn Sync="TRUE">GCS_SIRGAS_2000</geogcsn><csUnits Sync="TRUE">Angular Unit: Degree (0.017453)</csUnits><peXml Sync="TRUE">&lt;GeographicCoordinateSystem xsi:type='typens:GeographicCoordinateSystem' xmlns:xsi='http://www.w3.org/2001/XMLSchema-instance' xmlns:xs='http://www.w3.org/2001/XMLSchema' xmlns:typens='http://www.esri.com/schemas/ArcGIS/10.4'&gt;&lt;WKT&gt;GEOGCS[&amp;quot;GCS_SIRGAS_2000&amp;quot;,DATUM[&amp;quot;D_SIRGAS_2000&amp;quot;,SPHEROID[&amp;quot;GRS_1980&amp;quot;,6378137.0,298.257222101]],PRIMEM[&amp;quot;Greenwich&amp;quot;,0.0],UNIT[&amp;quot;Degree&amp;quot;,0.0174532925199433],AUTHORITY[&amp;quot;EPSG&amp;quot;,4674]]&lt;/WKT&gt;&lt;XOrigin&gt;-400&lt;/XOrigin&gt;&lt;YOrigin&gt;-400&lt;/YOrigin&gt;&lt;XYScale&gt;11258999068426.238&lt;/XYScale&gt;&lt;ZOrigin&gt;-100000&lt;/ZOrigin&gt;&lt;ZScale&gt;10000&lt;/ZScale&gt;&lt;MOrigin&gt;-100000&lt;/MOrigin&gt;&lt;MScale&gt;10000&lt;/MScale&gt;&lt;XYTolerance&gt;8.9831528411952133e-009&lt;/XYTolerance&gt;&lt;ZTolerance&gt;0.001&lt;/ZTolerance&gt;&lt;MTolerance&gt;0.001&lt;/MTolerance&gt;&lt;HighPrecision&gt;true&lt;/HighPrecision&gt;&lt;LeftLongitude&gt;-180&lt;/LeftLongitude&gt;&lt;WKID&gt;4674&lt;/WKID&gt;&lt;LatestWKID&gt;4674&lt;/LatestWKID&gt;&lt;/GeographicCoordinateSystem&gt;</peXml></coordRef><lineage><Process ToolSource="c:\program files (x86)\arcgis\engine10.4\ArcToolbox\Toolboxes\Data Management Tools.tbx\Append" Date="20190125" Time="180527">Append F:\BDGD_2018\PONNOT.shp C:\Users\#55166\Documents\SIGR_NVAL\DIST5160\2018-12-31\SIGR_NOVO.GDB\PONNOT NO_TEST "COD_ID "COD_ID" true true false 20 Text 0 0 ,First,#,F:\BDGD_2018\PONNOT.shp,COD_ID,-1,-1;DIST "DIST" true true false 4 Long 0 0 ,First,#,F:\BDGD_2018\PONNOT.shp,DIST,-1,-1;TIP_PN "TIP_PN" true true false 3 Text 0 0 ,First,#,F:\BDGD_2018\PONNOT.shp,TIP_PN,-1,-1;POS "POS" true true false 2 Text 0 0 ,First,#,F:\BDGD_2018\PONNOT.shp,POS,-1,-1;ESTR "ESTR" true true false 2 Text 0 0 ,First,#,F:\BDGD_2018\PONNOT.shp,ESTR,-1,-1;MAT "MAT" true true false 2 Text 0 0 ,First,#,F:\BDGD_2018\PONNOT.shp,MAT,-1,-1;ESF "ESF" true true false 3 Text 0 0 ,First,#,F:\BDGD_2018\PONNOT.shp,ESF,-1,-1;ALT "ALT" true true false 3 Text 0 0 ,First,#,F:\BDGD_2018\PONNOT.shp,ALT,-1,-1;CONJ "CONJ" true true false 4 Long 0 0 ,First,#,F:\BDGD_2018\PONNOT.shp,CONJ,-1,-1;MUN "MUN" true true false 7 Text 0 0 ,First,#,F:\BDGD_2018\PONNOT.shp,MUN,-1,-1;ODI "ODI" true true false 99 Text 0 0 ,First,#,F:\BDGD_2018\PONNOT.shp,ODI,-1,-1;TI "TI" true true false 2 Text 0 0 ,First,#,F:\BDGD_2018\PONNOT.shp,TI,-1,-1;CM "CM" true true false 3 Text 0 0 ,First,#,F:\BDGD_2018\PONNOT.shp,CM,-1,-1;TUC "TUC" true true false 3 Text 0 0 ,First,#,F:\BDGD_2018\PONNOT.shp,TUC,-1,-1;A1 "A1" true true false 2 Text 0 0 ,First,#,F:\BDGD_2018\PONNOT.shp,A1,-1,-1;A2 "A2" true true false 2 Text 0 0 ,First,#,F:\BDGD_2018\PONNOT.shp,A2,-1,-1;A3 "A3" true true false 2 Text 0 0 ,First,#,F:\BDGD_2018\PONNOT.shp,A3,-1,-1;A4 "A4" true true false 2 Text 0 0 ,First,#,F:\BDGD_2018\PONNOT.shp,A4,-1,-1;A5 "A5" true true false 2 Text 0 0 ,First,#,F:\BDGD_2018\PONNOT.shp,A5,-1,-1;A6 "A6" true true false 2 Text 0 0 ,First,#,F:\BDGD_2018\PONNOT.shp,A6,-1,-1;SITCONT "SITCONT" true true false 3 Text 0 0 ,First,#,F:\BDGD_2018\PONNOT.shp,SITCONT,-1,-1;DESCR "DESCR" true true false 254 Text 0 0 ,First,#,F:\BDGD_2018\PONNOT.shp,DESCR,-1,-1;ARE_LOC "ARE_LOC" true true false 2 Text 0 0 ,First,#,F:\BDGD_2018\PONNOT.shp,ARE_LOC,-1,-1" #</Process><Process ToolSource="c:\program files (x86)\arcgis\desktop10.4\ArcToolbox\Toolboxes\Data Management Tools.tbx\AddField" Date="20190125" Time="193313">AddField \\sap142\sig-r\Validacao\NVAL\enviadas_preliminar\DIST5160\2018-12-31\5160_2018-12-31_M10_20190125-1801.gdb\PONNOT DATA_BASE DATE # # # # NULLABLE NON_REQUIRED #</Process><Process ToolSource="c:\program files (x86)\arcgis\desktop10.4\ArcToolbox\Toolboxes\Data Management Tools.tbx\RecalculateFeatureClassExtent" Date="20190125" Time="193323">RecalculateFeatureClassExtent \\sap142\sig-r\Validacao\NVAL\enviadas_preliminar\DIST5160\2018-12-31\5160_2018-12-31_M10_20190125-1801.gdb\PONNOT</Process><Process ToolSource="c:\program files (x86)\arcgis\desktop10.4\ArcToolbox\Toolboxes\Data Management Tools.tbx\CalculateField" Date="20190125" Time="193452">CalculateField FC_LYR_2018-12-31_PONNOT DATA_BASE "31/12/2018" PYTHON_9.3 #</Process><Process ToolSource="c:\program files (x86)\arcgis\desktop10.4\ArcToolbox\Toolboxes\Data Management Tools.tbx\CompressFileGeodatabaseData" Date="20190125" Time="200350">CompressFileGeodatabaseData \\sap142\sig-r\Validacao\NVAL\enviadas_preliminar\DIST5160\2018-12-31\5160_2018-12-31_M10_20190125-1801.gdb\PONNOT "Lossless compression"</Process><Process ToolSource="c:\program files (x86)\arcgis\desktop10.4\ArcToolbox\Toolboxes\Analysis Tools.tbx\Erase" Date="20190125" Time="201148">Erase layer_verificacao \\sap142\sig-r\Validacao\NVAL\enviadas_preliminar\DIST5160\2018-12-31\5160_2018-12-31_M10_20190125-1801.gdb\CONJ \\sap142\sig-r\Validacao\NVAL\enviadas_preliminar\DIST5160\2018-12-31\5160_2018-12-31_M10_20190125-1801.gdb\PONNOT_FORA #</Process><Process ToolSource="c:\program files (x86)\arcgis\desktop10.4\ArcToolbox\Toolboxes\Conversion Tools.tbx\FeatureClassToFeatureClass" Date="20190125" Time="201152">FeatureClassToFeatureClass \\sap142\sig-r\Validacao\NVAL\enviadas_preliminar\DIST5160\2018-12-31\5160_2018-12-31_M10_20190125-1801.gdb\PONNOT_FORA \\sap142\sig-r\Validacao\NVAL\enviadas_preliminar\DIST5160\2018-12-31 5160_2018_12_31_M10_20190125_1801_PONNOT_FORA # "COD_ID "COD_ID" true true false 20 Text 0 0 ,First,#,\\sap142\sig-r\Validacao\NVAL\enviadas_preliminar\DIST5160\2018-12-31\5160_2018-12-31_M10_20190125-1801.gdb\PONNOT_FORA,COD_ID,-1,-1;DIST "DIST" true true false 4 Long 0 0 ,First,#,\\sap142\sig-r\Validacao\NVAL\enviadas_preliminar\DIST5160\2018-12-31\5160_2018-12-31_M10_20190125-1801.gdb\PONNOT_FORA,DIST,-1,-1;TIP_PN "TIP_PN" true true false 3 Text 0 0 ,First,#,\\sap142\sig-r\Validacao\NVAL\enviadas_preliminar\DIST5160\2018-12-31\5160_2018-12-31_M10_20190125-1801.gdb\PONNOT_FORA,TIP_PN,-1,-1;POS "POS" true true false 2 Text 0 0 ,First,#,\\sap142\sig-r\Validacao\NVAL\enviadas_preliminar\DIST5160\2018-12-31\5160_2018-12-31_M10_20190125-1801.gdb\PONNOT_FORA,POS,-1,-1;ESTR "ESTR" true true false 2 Text 0 0 ,First,#,\\sap142\sig-r\Validacao\NVAL\enviadas_preliminar\DIST5160\2018-12-31\5160_2018-12-31_M10_20190125-1801.gdb\PONNOT_FORA,ESTR,-1,-1;MAT "MAT" true true false 2 Text 0 0 ,First,#,\\sap142\sig-r\Validacao\NVAL\enviadas_preliminar\DIST5160\2018-12-31\5160_2018-12-31_M10_20190125-1801.gdb\PONNOT_FORA,MAT,-1,-1;ESF "ESF" true true false 3 Text 0 0 ,First,#,\\sap142\sig-r\Validacao\NVAL\enviadas_preliminar\DIST5160\2018-12-31\5160_2018-12-31_M10_20190125-1801.gdb\PONNOT_FORA,ESF,-1,-1;ALT "ALT" true true false 3 Text 0 0 ,First,#,\\sap142\sig-r\Validacao\NVAL\enviadas_preliminar\DIST5160\2018-12-31\5160_2018-12-31_M10_20190125-1801.gdb\PONNOT_FORA,ALT,-1,-1;CONJ "CONJ" true true false 4 Long 0 0 ,First,#,\\sap142\sig-r\Validacao\NVAL\enviadas_preliminar\DIST5160\2018-12-31\5160_2018-12-31_M10_20190125-1801.gdb\PONNOT_FORA,CONJ,-1,-1;MUN "MUN" true true false 7 Text 0 0 ,First,#,\\sap142\sig-r\Validacao\NVAL\enviadas_preliminar\DIST5160\2018-12-31\5160_2018-12-31_M10_20190125-1801.gdb\PONNOT_FORA,MUN,-1,-1;ODI "ODI" true true false 99 Text 0 0 ,First,#,\\sap142\sig-r\Validacao\NVAL\enviadas_preliminar\DIST5160\2018-12-31\5160_2018-12-31_M10_20190125-1801.gdb\PONNOT_FORA,ODI,-1,-1;TI "TI" true true false 2 Text 0 0 ,First,#,\\sap142\sig-r\Validacao\NVAL\enviadas_preliminar\DIST5160\2018-12-31\5160_2018-12-31_M10_20190125-1801.gdb\PONNOT_FORA,TI,-1,-1;CM "CM" true true false 3 Text 0 0 ,First,#,\\sap142\sig-r\Validacao\NVAL\enviadas_preliminar\DIST5160\2018-12-31\5160_2018-12-31_M10_20190125-1801.gdb\PONNOT_FORA,CM,-1,-1;TUC "TUC" true true false 3 Text 0 0 ,First,#,\\sap142\sig-r\Validacao\NVAL\enviadas_preliminar\DIST5160\2018-12-31\5160_2018-12-31_M10_20190125-1801.gdb\PONNOT_FORA,TUC,-1,-1;A1 "A1" true true false 2 Text 0 0 ,First,#,\\sap142\sig-r\Validacao\NVAL\enviadas_preliminar\DIST5160\2018-12-31\5160_2018-12-31_M10_20190125-1801.gdb\PONNOT_FORA,A1,-1,-1;A2 "A2" true true false 2 Text 0 0 ,First,#,\\sap142\sig-r\Validacao\NVAL\enviadas_preliminar\DIST5160\2018-12-31\5160_2018-12-31_M10_20190125-1801.gdb\PONNOT_FORA,A2,-1,-1;A3 "A3" true true false 2 Text 0 0 ,First,#,\\sap142\sig-r\Validacao\NVAL\enviadas_preliminar\DIST5160\2018-12-31\5160_2018-12-31_M10_20190125-1801.gdb\PONNOT_FORA,A3,-1,-1;A4 "A4" true true false 2 Text 0 0 ,First,#,\\sap142\sig-r\Validacao\NVAL\enviadas_preliminar\DIST5160\2018-12-31\5160_2018-12-31_M10_20190125-1801.gdb\PONNOT_FORA,A4,-1,-1;A5 "A5" true true false 2 Text 0 0 ,First,#,\\sap142\sig-r\Validacao\NVAL\enviadas_preliminar\DIST5160\2018-12-31\5160_2018-12-31_M10_20190125-1801.gdb\PONNOT_FORA,A5,-1,-1;A6 "A6" true true false 2 Text 0 0 ,First,#,\\sap142\sig-r\Validacao\NVAL\enviadas_preliminar\DIST5160\2018-12-31\5160_2018-12-31_M10_20190125-1801.gdb\PONNOT_FORA,A6,-1,-1;SITCONT "SITCONT" true true false 3 Text 0 0 ,First,#,\\sap142\sig-r\Validacao\NVAL\enviadas_preliminar\DIST5160\2018-12-31\5160_2018-12-31_M10_20190125-1801.gdb\PONNOT_FORA,SITCONT,-1,-1;DESCR "DESCR" true true false 254 Text 0 0 ,First,#,\\sap142\sig-r\Validacao\NVAL\enviadas_preliminar\DIST5160\2018-12-31\5160_2018-12-31_M10_20190125-1801.gdb\PONNOT_FORA,DESCR,-1,-1;ARE_LOC "ARE_LOC" true true false 2 Text 0 0 ,First,#,\\sap142\sig-r\Validacao\NVAL\enviadas_preliminar\DIST5160\2018-12-31\5160_2018-12-31_M10_20190125-1801.gdb\PONNOT_FORA,ARE_LOC,-1,-1;DATA_BASE "DATA_BASE" true true false 8 Date 0 0 ,First,#,\\sap142\sig-r\Validacao\NVAL\enviadas_preliminar\DIST5160\2018-12-31\5160_2018-12-31_M10_20190125-1801.gdb\PONNOT_FORA,DATA_BASE,-1,-1" #</Process></lineage></DataProperties><SyncDate>20190125</SyncDate><SyncTime>20115100</SyncTime><ModDate>20190125</ModDate><ModTime>20115100</ModTime></Esri><dataIdInfo><envirDesc Sync="TRUE"> Version 6.2 (Build 9200) ; Esri ArcGIS 10.4.1.5686</envirDesc><dataLang><languageCode value="por" Sync="TRUE"></languageCode><countryCode value="BRA" Sync="TRUE"></countryCode></dataLang><idCitation><resTitle Sync="TRUE">5160_2018_12_31_M10_20190125_1801_PONNOT_FORA</resTitle><presForm><PresFormCd value="005" Sync="TRUE"></PresFormCd></presForm></idCitation><spatRpType><SpatRepTypCd value="001" Sync="TRUE"></SpatRepTypCd></spatRpType></dataIdInfo><mdLang><languageCode value="por" Sync="TRUE"></languageCode><countryCode value="BRA" Sync="TRUE"></countryCode></mdLang><distInfo><distFormat><formatName Sync="TRUE">Shapefile</formatName></distFormat><distTranOps><transSize Sync="TRUE">0.000</transSize></distTranOps></distInfo><mdHrLv><ScopeCd value="005" Sync="TRUE"></ScopeCd></mdHrLv><mdHrLvName Sync="TRUE">dataset</mdHrLvName><refSysInfo><RefSystem><refSysID><identCode code="4674" Sync="TRUE"></identCode><idCodeSpace Sync="TRUE">EPSG</idCodeSpace><idVersion Sync="TRUE">7.8.3(9.2.0)</idVersion></refSysID></RefSystem></refSysInfo><spatRepInfo><VectSpatRep><geometObjs Name="5160_2018_12_31_M10_20190125_1801_PONNOT_FORA"><geoObjTyp><GeoObjTypCd value="004" Sync="TRUE"></GeoObjTypCd></geoObjTyp><geoObjCnt Sync="TRUE">0</geoObjCnt></geometObjs><topLvl><TopoLevCd value="001" Sync="TRUE"></TopoLevCd></topLvl></VectSpatRep></spatRepInfo><spdoinfo><ptvctinf><esriterm Name="5160_2018_12_31_M10_20190125_1801_PONNOT_FORA"><efeatyp Sync="TRUE">Simple</efeatyp><efeageom code="1" Sync="TRUE"></efeageom><esritopo Sync="TRUE">FALSE</esritopo><efeacnt Sync="TRUE">0</efeacnt><spindex Sync="TRUE">FALSE</spindex><linrefer Sync="TRUE">FALSE</linrefer></esriterm></ptvctinf></spdoinfo><eainfo><detailed Name="5160_2018_12_31_M10_20190125_1801_PONNOT_FORA"><enttyp><enttypl Sync="TRUE">5160_2018_12_31_M10_20190125_1801_PONNOT_FORA</enttypl><enttypt Sync="TRUE">Feature Class</enttypt><enttypc Sync="TRUE">0</enttypc></enttyp><attr><attrlabl Sync="TRUE">FID</attrlabl><attalias Sync="TRUE">FID</attalias><attrtype Sync="TRUE">OID</attrtype><attwidth Sync="TRUE">4</attwidth><atprecis Sync="TRUE">0</atprecis><attscale Sync="TRUE">0</attscale><attrdef Sync="TRUE">Internal feature number.</attrdef><attrdefs Sync="TRUE">Esri</attrdefs><attrdomv><udom Sync="TRUE">Sequential unique whole numbers that are automatically generated.</udom></attrdomv></attr><attr><attrlabl Sync="TRUE">Shape</attrlabl><attalias Sync="TRUE">Shape</attalias><attrtype Sync="TRUE">Geometry</attrtype><attwidth Sync="TRUE">0</attwidth><atprecis Sync="TRUE">0</atprecis><attscale Sync="TRUE">0</attscale><attrdef Sync="TRUE">Feature geometry.</attrdef><attrdefs Sync="TRUE">Esri</attrdefs><attrdomv><udom Sync="TRUE">Coordinates defining the features.</udom></attrdomv></attr><attr><attrlabl Sync="TRUE">COD_ID</attrlabl><attalias Sync="TRUE">COD_ID</attalias><attrtype Sync="TRUE">String</attrtype><attwidth Sync="TRUE">20</attwidth><atprecis Sync="TRUE">0</atprecis><attscale Sync="TRUE">0</attscale></attr><attr><attrlabl Sync="TRUE">DIST</attrlabl><attalias Sync="TRUE">DIST</attalias><attrtype Sync="TRUE">Integer</attrtype><attwidth Sync="TRUE">10</attwidth><atprecis Sync="TRUE">10</atprecis><attscale Sync="TRUE">0</attscale></attr><attr><attrlabl Sync="TRUE">TIP_PN</attrlabl><attalias Sync="TRUE">TIP_PN</attalias><attrtype Sync="TRUE">String</attrtype><attwidth Sync="TRUE">3</attwidth><atprecis Sync="TRUE">0</atprecis><attscale Sync="TRUE">0</attscale></attr><attr><attrlabl Sync="TRUE">POS</attrlabl><attalias Sync="TRUE">POS</attalias><attrtype Sync="TRUE">String</attrtype><attwidth Sync="TRUE">2</attwidth><atprecis Sync="TRUE">0</atprecis><attscale Sync="TRUE">0</attscale></attr><attr><attrlabl Sync="TRUE">ESTR</attrlabl><attalias Sync="TRUE">ESTR</attalias><attrtype Sync="TRUE">String</attrtype><attwidth Sync="TRUE">2</attwidth><atprecis Sync="TRUE">0</atprecis><attscale Sync="TRUE">0</attscale></attr><attr><attrlabl Sync="TRUE">MAT</attrlabl><attalias Sync="TRUE">MAT</attalias><attrtype Sync="TRUE">String</attrtype><attwidth Sync="TRUE">2</attwidth><atprecis Sync="TRUE">0</atprecis><attscale Sync="TRUE">0</attscale></attr><attr><attrlabl Sync="TRUE">ESF</attrlabl><attalias Sync="TRUE">ESF</attalias><attrtype Sync="TRUE">String</attrtype><attwidth Sync="TRUE">3</attwidth><atprecis Sync="TRUE">0</atprecis><attscale Sync="TRUE">0</attscale></attr><attr><attrlabl Sync="TRUE">ALT</attrlabl><attalias Sync="TRUE">ALT</attalias><attrtype Sync="TRUE">String</attrtype><attwidth Sync="TRUE">3</attwidth><atprecis Sync="TRUE">0</atprecis><attscale Sync="TRUE">0</attscale></attr><attr><attrlabl Sync="TRUE">CONJ</attrlabl><attalias Sync="TRUE">CONJ</attalias><attrtype Sync="TRUE">Integer</attrtype><attwidth Sync="TRUE">10</attwidth><atprecis Sync="TRUE">10</atprecis><attscale Sync="TRUE">0</attscale></attr><attr><attrlabl Sync="TRUE">MUN</attrlabl><attalias Sync="TRUE">MUN</attalias><attrtype Sync="TRUE">String</attrtype><attwidth Sync="TRUE">7</attwidth><atprecis Sync="TRUE">0</atprecis><attscale Sync="TRUE">0</attscale></attr><attr><attrlabl Sync="TRUE">ODI</attrlabl><attalias Sync="TRUE">ODI</attalias><attrtype Sync="TRUE">String</attrtype><attwidth Sync="TRUE">99</attwidth><atprecis Sync="TRUE">0</atprecis><attscale Sync="TRUE">0</attscale></attr><attr><attrlabl Sync="TRUE">TI</attrlabl><attalias Sync="TRUE">TI</attalias><attrtype Sync="TRUE">String</attrtype><attwidth Sync="TRUE">2</attwidth><atprecis Sync="TRUE">0</atprecis><attscale Sync="TRUE">0</attscale></attr><attr><attrlabl Sync="TRUE">CM</attrlabl><attalias Sync="TRUE">CM</attalias><attrtype Sync="TRUE">String</attrtype><attwidth Sync="TRUE">3</attwidth><atprecis Sync="TRUE">0</atprecis><attscale Sync="TRUE">0</attscale></attr><attr><attrlabl Sync="TRUE">TUC</attrlabl><attalias Sync="TRUE">TUC</attalias><attrtype Sync="TRUE">String</attrtype><attwidth Sync="TRUE">3</attwidth><atprecis Sync="TRUE">0</atprecis><attscale Sync="TRUE">0</attscale></attr><attr><attrlabl Sync="TRUE">A1</attrlabl><attalias Sync="TRUE">A1</attalias><attrtype Sync="TRUE">String</attrtype><attwidth Sync="TRUE">2</attwidth><atprecis Sync="TRUE">0</atprecis><attscale Sync="TRUE">0</attscale></attr><attr><attrlabl Sync="TRUE">A2</attrlabl><attalias Sync="TRUE">A2</attalias><attrtype Sync="TRUE">String</attrtype><attwidth Sync="TRUE">2</attwidth><atprecis Sync="TRUE">0</atprecis><attscale Sync="TRUE">0</attscale></attr><attr><attrlabl Sync="TRUE">A3</attrlabl><attalias Sync="TRUE">A3</attalias><attrtype Sync="TRUE">String</attrtype><attwidth Sync="TRUE">2</attwidth><atprecis Sync="TRUE">0</atprecis><attscale Sync="TRUE">0</attscale></attr><attr><attrlabl Sync="TRUE">A4</attrlabl><attalias Sync="TRUE">A4</attalias><attrtype Sync="TRUE">String</attrtype><attwidth Sync="TRUE">2</attwidth><atprecis Sync="TRUE">0</atprecis><attscale Sync="TRUE">0</attscale></attr><attr><attrlabl Sync="TRUE">A5</attrlabl><attalias Sync="TRUE">A5</attalias><attrtype Sync="TRUE">String</attrtype><attwidth Sync="TRUE">2</attwidth><atprecis Sync="TRUE">0</atprecis><attscale Sync="TRUE">0</attscale></attr><attr><attrlabl Sync="TRUE">A6</attrlabl><attalias Sync="TRUE">A6</attalias><attrtype Sync="TRUE">String</attrtype><attwidth Sync="TRUE">2</attwidth><atprecis Sync="TRUE">0</atprecis><attscale Sync="TRUE">0</attscale></attr><attr><attrlabl Sync="TRUE">SITCONT</attrlabl><attalias Sync="TRUE">SITCONT</attalias><attrtype Sync="TRUE">String</attrtype><attwidth Sync="TRUE">3</attwidth><atprecis Sync="TRUE">0</atprecis><attscale Sync="TRUE">0</attscale></attr><attr><attrlabl Sync="TRUE">DESCR</attrlabl><attalias Sync="TRUE">DESCR</attalias><attrtype Sync="TRUE">String</attrtype><attwidth Sync="TRUE">254</attwidth><atprecis Sync="TRUE">0</atprecis><attscale Sync="TRUE">0</attscale></attr><attr><attrlabl Sync="TRUE">ARE_LOC</attrlabl><attalias Sync="TRUE">ARE_LOC</attalias><attrtype Sync="TRUE">String</attrtype><attwidth Sync="TRUE">2</attwidth><atprecis Sync="TRUE">0</atprecis><attscale Sync="TRUE">0</attscale></attr><attr><attrlabl Sync="TRUE">DATA_BASE</attrlabl><attalias Sync="TRUE">DATA_BASE</attalias><attrtype Sync="TRUE">Date</attrtype><attwidth Sync="TRUE">8</attwidth><atprecis Sync="TRUE">0</atprecis><attscale Sync="TRUE">0</attscale></attr></detailed></eainfo><mdDateSt Sync="TRUE">20190125</mdDateSt></metadata>
