<metadata xml:lang="pt"><Esri><CreaDate>20170605</CreaDate><CreaTime>17114700</CreaTime><ArcGISFormat>1.0</ArcGISFormat><SyncOnce>FALSE</SyncOnce><DataProperties><itemProps><itemName Sync="TRUE">5160_2018_12_31_M10_20190125_1801_ARAT_FORA</itemName><imsContentType Sync="TRUE">002</imsContentType><itemLocation><linkage Sync="TRUE">file://\\sap142\sig-r\Validacao\NVAL\enviadas_preliminar\DIST5160\2018-12-31\5160_2018_12_31_M10_20190125_1801_ARAT_FORA.shp</linkage><protocol Sync="TRUE">Local Area Network</protocol></itemLocation><itemSize Sync="TRUE">0.000</itemSize></itemProps><coordRef><type Sync="TRUE">Geographic</type><geogcsn Sync="TRUE">GCS_SIRGAS_2000</geogcsn><csUnits Sync="TRUE">Angular Unit: Degree (0.017453)</csUnits><peXml Sync="TRUE">&lt;GeographicCoordinateSystem xsi:type='typens:GeographicCoordinateSystem' xmlns:xsi='http://www.w3.org/2001/XMLSchema-instance' xmlns:xs='http://www.w3.org/2001/XMLSchema' xmlns:typens='http://www.esri.com/schemas/ArcGIS/10.4'&gt;&lt;WKT&gt;GEOGCS[&amp;quot;GCS_SIRGAS_2000&amp;quot;,DATUM[&amp;quot;D_SIRGAS_2000&amp;quot;,SPHEROID[&amp;quot;GRS_1980&amp;quot;,6378137.0,298.257222101]],PRIMEM[&amp;quot;Greenwich&amp;quot;,0.0],UNIT[&amp;quot;Degree&amp;quot;,0.0174532925199433],AUTHORITY[&amp;quot;EPSG&amp;quot;,4674]]&lt;/WKT&gt;&lt;XOrigin&gt;-400&lt;/XOrigin&gt;&lt;YOrigin&gt;-400&lt;/YOrigin&gt;&lt;XYScale&gt;11258999068426.238&lt;/XYScale&gt;&lt;ZOrigin&gt;-100000&lt;/ZOrigin&gt;&lt;ZScale&gt;10000&lt;/ZScale&gt;&lt;MOrigin&gt;-100000&lt;/MOrigin&gt;&lt;MScale&gt;10000&lt;/MScale&gt;&lt;XYTolerance&gt;8.9831528411952133e-009&lt;/XYTolerance&gt;&lt;ZTolerance&gt;0.001&lt;/ZTolerance&gt;&lt;MTolerance&gt;0.001&lt;/MTolerance&gt;&lt;HighPrecision&gt;true&lt;/HighPrecision&gt;&lt;LeftLongitude&gt;-180&lt;/LeftLongitude&gt;&lt;WKID&gt;4674&lt;/WKID&gt;&lt;LatestWKID&gt;4674&lt;/LatestWKID&gt;&lt;/GeographicCoordinateSystem&gt;</peXml></coordRef><lineage><Process ToolSource="c:\program files (x86)\arcgis\engine10.4\ArcToolbox\Toolboxes\Data Management Tools.tbx\Append" Date="20190125" Time="180408">Append F:\BDGD_2018\ARAT.shp C:\Users\#55166\Documents\SIGR_NVAL\DIST5160\2018-12-31\SIGR_NOVO.GDB\ARAT NO_TEST "COD_ID "COD_ID" true true false 20 Text 0 0 ,First,#,F:\BDGD_2018\ARAT.shp,COD_ID,-1,-1;DIST "DIST" true true false 4 Long 0 0 ,First,#,F:\BDGD_2018\ARAT.shp,DIST,-1,-1;FUN_PR "FUN_PR" true true false 4 Long 0 0 ,First,#,F:\BDGD_2018\ARAT.shp,FUN_PR,-1,-1;FUN_TE "FUN_TE" true true false 4 Long 0 0 ,First,#,F:\BDGD_2018\ARAT.shp,FUN_TE,-1,-1;DESCR "DESCR" true true false 254 Text 0 0 ,First,#,F:\BDGD_2018\ARAT.shp,DESCR,-1,-1;Shape_Length "Shape_Length" false true true 8 Double 0 0 ,First,#;Shape_Area "Shape_Area" false true true 8 Double 0 0 ,First,#" #</Process><Process ToolSource="c:\program files (x86)\arcgis\desktop10.4\ArcToolbox\Toolboxes\Data Management Tools.tbx\AddField" Date="20190125" Time="193238">AddField \\sap142\sig-r\Validacao\NVAL\enviadas_preliminar\DIST5160\2018-12-31\5160_2018-12-31_M10_20190125-1801.gdb\ARAT DATA_BASE DATE # # # # NULLABLE NON_REQUIRED #</Process><Process ToolSource="c:\program files (x86)\arcgis\desktop10.4\ArcToolbox\Toolboxes\Data Management Tools.tbx\RecalculateFeatureClassExtent" Date="20190125" Time="193239">RecalculateFeatureClassExtent \\sap142\sig-r\Validacao\NVAL\enviadas_preliminar\DIST5160\2018-12-31\5160_2018-12-31_M10_20190125-1801.gdb\ARAT</Process><Process ToolSource="c:\program files (x86)\arcgis\desktop10.4\ArcToolbox\Toolboxes\Data Management Tools.tbx\CalculateField" Date="20190125" Time="193241">CalculateField FC_LYR_2018-12-31_ARAT DATA_BASE "31/12/2018" PYTHON_9.3 #</Process><Process ToolSource="c:\program files (x86)\arcgis\desktop10.4\ArcToolbox\Toolboxes\Analysis Tools.tbx\Erase" Date="20190125" Time="201311">Erase layer_verificacao \\sap142\sig-r\Validacao\NVAL\enviadas_preliminar\DIST5160\2018-12-31\5160_2018-12-31_M10_20190125-1801.gdb\CONJ \\sap142\sig-r\Validacao\NVAL\enviadas_preliminar\DIST5160\2018-12-31\5160_2018-12-31_M10_20190125-1801.gdb\ARAT_FORA #</Process><Process ToolSource="c:\program files (x86)\arcgis\desktop10.4\ArcToolbox\Toolboxes\Conversion Tools.tbx\FeatureClassToFeatureClass" Date="20190125" Time="201315">FeatureClassToFeatureClass \\sap142\sig-r\Validacao\NVAL\enviadas_preliminar\DIST5160\2018-12-31\5160_2018-12-31_M10_20190125-1801.gdb\ARAT_FORA \\sap142\sig-r\Validacao\NVAL\enviadas_preliminar\DIST5160\2018-12-31 5160_2018_12_31_M10_20190125_1801_ARAT_FORA # "COD_ID "COD_ID" true true false 20 Text 0 0 ,First,#,\\sap142\sig-r\Validacao\NVAL\enviadas_preliminar\DIST5160\2018-12-31\5160_2018-12-31_M10_20190125-1801.gdb\ARAT_FORA,COD_ID,-1,-1;DIST "DIST" true true false 4 Long 0 0 ,First,#,\\sap142\sig-r\Validacao\NVAL\enviadas_preliminar\DIST5160\2018-12-31\5160_2018-12-31_M10_20190125-1801.gdb\ARAT_FORA,DIST,-1,-1;FUN_PR "FUN_PR" true true false 4 Long 0 0 ,First,#,\\sap142\sig-r\Validacao\NVAL\enviadas_preliminar\DIST5160\2018-12-31\5160_2018-12-31_M10_20190125-1801.gdb\ARAT_FORA,FUN_PR,-1,-1;FUN_TE "FUN_TE" true true false 4 Long 0 0 ,First,#,\\sap142\sig-r\Validacao\NVAL\enviadas_preliminar\DIST5160\2018-12-31\5160_2018-12-31_M10_20190125-1801.gdb\ARAT_FORA,FUN_TE,-1,-1;DESCR "DESCR" true true false 254 Text 0 0 ,First,#,\\sap142\sig-r\Validacao\NVAL\enviadas_preliminar\DIST5160\2018-12-31\5160_2018-12-31_M10_20190125-1801.gdb\ARAT_FORA,DESCR,-1,-1;DATA_BASE "DATA_BASE" true true false 8 Date 0 0 ,First,#,\\sap142\sig-r\Validacao\NVAL\enviadas_preliminar\DIST5160\2018-12-31\5160_2018-12-31_M10_20190125-1801.gdb\ARAT_FORA,DATA_BASE,-1,-1;Shape_Leng "Shape_Leng" false true true 8 Double 0 0 ,First,#,\\sap142\sig-r\Validacao\NVAL\enviadas_preliminar\DIST5160\2018-12-31\5160_2018-12-31_M10_20190125-1801.gdb\ARAT_FORA,Shape_Length,-1,-1;Shape_Area "Shape_Area" false true true 8 Double 0 0 ,First,#,\\sap142\sig-r\Validacao\NVAL\enviadas_preliminar\DIST5160\2018-12-31\5160_2018-12-31_M10_20190125-1801.gdb\ARAT_FORA,Shape_Area,-1,-1" #</Process></lineage></DataProperties><SyncDate>20190125</SyncDate><SyncTime>20131400</SyncTime><ModDate>20190125</ModDate><ModTime>20131400</ModTime></Esri><dataIdInfo><envirDesc Sync="TRUE"> Version 6.2 (Build 9200) ; Esri ArcGIS 10.4.1.5686</envirDesc><dataLang><languageCode value="por" Sync="TRUE"></languageCode><countryCode value="BRA" Sync="TRUE"></countryCode></dataLang><idCitation><resTitle Sync="TRUE">5160_2018_12_31_M10_20190125_1801_ARAT_FORA</resTitle><presForm><PresFormCd value="005" Sync="TRUE"></PresFormCd></presForm></idCitation><spatRpType><SpatRepTypCd value="001" Sync="TRUE"></SpatRepTypCd></spatRpType></dataIdInfo><mdLang><languageCode value="por" Sync="TRUE"></languageCode><countryCode value="BRA" Sync="TRUE"></countryCode></mdLang><distInfo><distFormat><formatName Sync="TRUE">Shapefile</formatName></distFormat><distTranOps><transSize Sync="TRUE">0.000</transSize></distTranOps></distInfo><mdHrLv><ScopeCd value="005" Sync="TRUE"></ScopeCd></mdHrLv><mdHrLvName Sync="TRUE">dataset</mdHrLvName><refSysInfo><RefSystem><refSysID><identCode code="4674" Sync="TRUE"></identCode><idCodeSpace Sync="TRUE">EPSG</idCodeSpace><idVersion Sync="TRUE">7.8.3(9.2.0)</idVersion></refSysID></RefSystem></refSysInfo><spatRepInfo><VectSpatRep><geometObjs Name="5160_2018_12_31_M10_20190125_1801_ARAT_FORA"><geoObjTyp><GeoObjTypCd value="002" Sync="TRUE"></GeoObjTypCd></geoObjTyp><geoObjCnt Sync="TRUE">0</geoObjCnt></geometObjs><topLvl><TopoLevCd value="001" Sync="TRUE"></TopoLevCd></topLvl></VectSpatRep></spatRepInfo><spdoinfo><ptvctinf><esriterm Name="5160_2018_12_31_M10_20190125_1801_ARAT_FORA"><efeatyp Sync="TRUE">Simple</efeatyp><efeageom code="4" Sync="TRUE"></efeageom><esritopo Sync="TRUE">FALSE</esritopo><efeacnt Sync="TRUE">0</efeacnt><spindex Sync="TRUE">FALSE</spindex><linrefer Sync="TRUE">FALSE</linrefer></esriterm></ptvctinf></spdoinfo><eainfo><detailed Name="5160_2018_12_31_M10_20190125_1801_ARAT_FORA"><enttyp><enttypl Sync="TRUE">5160_2018_12_31_M10_20190125_1801_ARAT_FORA</enttypl><enttypt Sync="TRUE">Feature Class</enttypt><enttypc Sync="TRUE">0</enttypc></enttyp><attr><attrlabl Sync="TRUE">FID</attrlabl><attalias Sync="TRUE">FID</attalias><attrtype Sync="TRUE">OID</attrtype><attwidth Sync="TRUE">4</attwidth><atprecis Sync="TRUE">0</atprecis><attscale Sync="TRUE">0</attscale><attrdef Sync="TRUE">Internal feature number.</attrdef><attrdefs Sync="TRUE">Esri</attrdefs><attrdomv><udom Sync="TRUE">Sequential unique whole numbers that are automatically generated.</udom></attrdomv></attr><attr><attrlabl Sync="TRUE">Shape</attrlabl><attalias Sync="TRUE">Shape</attalias><attrtype Sync="TRUE">Geometry</attrtype><attwidth Sync="TRUE">0</attwidth><atprecis Sync="TRUE">0</atprecis><attscale Sync="TRUE">0</attscale><attrdef Sync="TRUE">Feature geometry.</attrdef><attrdefs Sync="TRUE">Esri</attrdefs><attrdomv><udom Sync="TRUE">Coordinates defining the features.</udom></attrdomv></attr><attr><attrlabl Sync="TRUE">COD_ID</attrlabl><attalias Sync="TRUE">COD_ID</attalias><attrtype Sync="TRUE">String</attrtype><attwidth Sync="TRUE">20</attwidth><atprecis Sync="TRUE">0</atprecis><attscale Sync="TRUE">0</attscale></attr><attr><attrlabl Sync="TRUE">DIST</attrlabl><attalias Sync="TRUE">DIST</attalias><attrtype Sync="TRUE">Integer</attrtype><attwidth Sync="TRUE">10</attwidth><atprecis Sync="TRUE">10</atprecis><attscale Sync="TRUE">0</attscale></attr><attr><attrlabl Sync="TRUE">FUN_PR</attrlabl><attalias Sync="TRUE">FUN_PR</attalias><attrtype Sync="TRUE">Integer</attrtype><attwidth Sync="TRUE">10</attwidth><atprecis Sync="TRUE">10</atprecis><attscale Sync="TRUE">0</attscale></attr><attr><attrlabl Sync="TRUE">FUN_TE</attrlabl><attalias Sync="TRUE">FUN_TE</attalias><attrtype Sync="TRUE">Integer</attrtype><attwidth Sync="TRUE">10</attwidth><atprecis Sync="TRUE">10</atprecis><attscale Sync="TRUE">0</attscale></attr><attr><attrlabl Sync="TRUE">DESCR</attrlabl><attalias Sync="TRUE">DESCR</attalias><attrtype Sync="TRUE">String</attrtype><attwidth Sync="TRUE">254</attwidth><atprecis Sync="TRUE">0</atprecis><attscale Sync="TRUE">0</attscale></attr><attr><attrlabl Sync="TRUE">DATA_BASE</attrlabl><attalias Sync="TRUE">DATA_BASE</attalias><attrtype Sync="TRUE">Date</attrtype><attwidth Sync="TRUE">8</attwidth><atprecis Sync="TRUE">0</atprecis><attscale Sync="TRUE">0</attscale></attr><attr><attrlabl Sync="TRUE">Shape_Leng</attrlabl><attalias Sync="TRUE">Shape_Leng</attalias><attrtype Sync="TRUE">Double</attrtype><attwidth Sync="TRUE">19</attwidth><atprecis Sync="TRUE">0</atprecis><attscale Sync="TRUE">0</attscale></attr><attr><attrlabl Sync="TRUE">Shape_Area</attrlabl><attalias Sync="TRUE">Shape_Area</attalias><attrtype Sync="TRUE">Double</attrtype><attwidth Sync="TRUE">19</attwidth><atprecis Sync="TRUE">0</atprecis><attscale Sync="TRUE">0</attscale><attrdef Sync="TRUE">Area of feature in internal units squared.</attrdef><attrdefs Sync="TRUE">Esri</attrdefs><attrdomv><udom Sync="TRUE">Positive real numbers that are automatically generated.</udom></attrdomv></attr></detailed></eainfo><mdDateSt Sync="TRUE">20190125</mdDateSt></metadata>
