<metadata xml:lang="pt"><Esri><CreaDate>20170605</CreaDate><CreaTime>17120200</CreaTime><ArcGISFormat>1.0</ArcGISFormat><SyncOnce>FALSE</SyncOnce><DataProperties><itemProps><itemName Sync="TRUE">5160_2018_12_31_M10_20190125_1801_UCMT_FORA</itemName><imsContentType Sync="TRUE">002</imsContentType><itemLocation><linkage Sync="TRUE">file://\\sap142\sig-r\Validacao\NVAL\enviadas_preliminar\DIST5160\2018-12-31\5160_2018_12_31_M10_20190125_1801_UCMT_FORA.shp</linkage><protocol Sync="TRUE">Local Area Network</protocol></itemLocation><itemSize Sync="TRUE">0.000</itemSize></itemProps><coordRef><type Sync="TRUE">Geographic</type><geogcsn Sync="TRUE">GCS_SIRGAS_2000</geogcsn><csUnits Sync="TRUE">Angular Unit: Degree (0.017453)</csUnits><peXml Sync="TRUE">&lt;GeographicCoordinateSystem xsi:type='typens:GeographicCoordinateSystem' xmlns:xsi='http://www.w3.org/2001/XMLSchema-instance' xmlns:xs='http://www.w3.org/2001/XMLSchema' xmlns:typens='http://www.esri.com/schemas/ArcGIS/10.4'&gt;&lt;WKT&gt;GEOGCS[&amp;quot;GCS_SIRGAS_2000&amp;quot;,DATUM[&amp;quot;D_SIRGAS_2000&amp;quot;,SPHEROID[&amp;quot;GRS_1980&amp;quot;,6378137.0,298.257222101]],PRIMEM[&amp;quot;Greenwich&amp;quot;,0.0],UNIT[&amp;quot;Degree&amp;quot;,0.0174532925199433],AUTHORITY[&amp;quot;EPSG&amp;quot;,4674]]&lt;/WKT&gt;&lt;XOrigin&gt;-400&lt;/XOrigin&gt;&lt;YOrigin&gt;-400&lt;/YOrigin&gt;&lt;XYScale&gt;11258999068426.238&lt;/XYScale&gt;&lt;ZOrigin&gt;-100000&lt;/ZOrigin&gt;&lt;ZScale&gt;10000&lt;/ZScale&gt;&lt;MOrigin&gt;-100000&lt;/MOrigin&gt;&lt;MScale&gt;10000&lt;/MScale&gt;&lt;XYTolerance&gt;8.9831528411952133e-009&lt;/XYTolerance&gt;&lt;ZTolerance&gt;0.001&lt;/ZTolerance&gt;&lt;MTolerance&gt;0.001&lt;/MTolerance&gt;&lt;HighPrecision&gt;true&lt;/HighPrecision&gt;&lt;LeftLongitude&gt;-180&lt;/LeftLongitude&gt;&lt;WKID&gt;4674&lt;/WKID&gt;&lt;LatestWKID&gt;4674&lt;/LatestWKID&gt;&lt;/GeographicCoordinateSystem&gt;</peXml></coordRef><lineage><Process ToolSource="c:\program files (x86)\arcgis\engine10.4\ArcToolbox\Toolboxes\Data Management Tools.tbx\Append" Date="20190125" Time="181236">Append F:\BDGD_2018\UCMT.shp C:\Users\#55166\Documents\SIGR_NVAL\DIST5160\2018-12-31\SIGR_NOVO.GDB\UCMT NO_TEST "COD_ID "COD_ID" true true false 20 Text 0 0 ,First,#,F:\BDGD_2018\UCMT.shp,COD_ID,-1,-1;PN_CON "PN_CON" true true false 20 Text 0 0 ,First,#,F:\BDGD_2018\UCMT.shp,PN_CON,-1,-1;DIST "DIST" true true false 4 Long 0 0 ,First,#,F:\BDGD_2018\UCMT.shp,DIST,-1,-1;PAC "PAC" true true false 20 Text 0 0 ,First,#,F:\BDGD_2018\UCMT.shp,PAC,-1,-1;CEG "CEG" true true false 21 Text 0 0 ,First,#,F:\BDGD_2018\UCMT.shp,CEG,-1,-1;CTMT "CTMT" true true false 20 Text 0 0 ,First,#,F:\BDGD_2018\UCMT.shp,CTMT,-1,-1;UNI_TR_S "UNI_TR_S" true true false 20 Text 0 0 ,First,#,F:\BDGD_2018\UCMT.shp,UNI_TR_S,-1,-1;SUB "SUB" true true false 20 Text 0 0 ,First,#,F:\BDGD_2018\UCMT.shp,SUB,-1,-1;CONJ "CONJ" true true false 4 Long 0 0 ,First,#,F:\BDGD_2018\UCMT.shp,CONJ,-1,-1;MUN "MUN" true true false 7 Text 0 0 ,First,#,F:\BDGD_2018\UCMT.shp,MUN,-1,-1;LGRD "LGRD" true true false 254 Text 0 0 ,First,#,F:\BDGD_2018\UCMT.shp,LGRD,-1,-1;BRR "BRR" true true false 254 Text 0 0 ,First,#,F:\BDGD_2018\UCMT.shp,BRR,-1,-1;CEP "CEP" true true false 8 Text 0 0 ,First,#,F:\BDGD_2018\UCMT.shp,CEP,-1,-1;CLAS_SUB "CLAS_SUB" true true false 4 Text 0 0 ,First,#,F:\BDGD_2018\UCMT.shp,CLAS_SUB,-1,-1;CNAE "CNAE" true true false 9 Text 0 0 ,First,#,F:\BDGD_2018\UCMT.shp,CNAE,-1,-1;TIP_CC "TIP_CC" true true false 20 Text 0 0 ,First,#,F:\BDGD_2018\UCMT.shp,TIP_CC,-1,-1;FAS_CON "FAS_CON" true true false 4 Text 0 0 ,First,#,F:\BDGD_2018\UCMT.shp,FAS_CON,-1,-1;GRU_TEN "GRU_TEN" true true false 2 Text 0 0 ,First,#,F:\BDGD_2018\UCMT.shp,GRU_TEN,-1,-1;TEN_FORN "TEN_FORN" true true false 3 Text 0 0 ,First,#,F:\BDGD_2018\UCMT.shp,TEN_FORN,-1,-1;GRU_TAR "GRU_TAR" true true false 4 Text 0 0 ,First,#,F:\BDGD_2018\UCMT.shp,GRU_TAR,-1,-1;SIT_ATIV "SIT_ATIV" true true false 2 Text 0 0 ,First,#,F:\BDGD_2018\UCMT.shp,SIT_ATIV,-1,-1;DAT_CON "DAT_CON" true true false 10 Text 0 0 ,First,#,F:\BDGD_2018\UCMT.shp,DAT_CON,-1,-1;CAR_INST "CAR_INST" true true false 8 Double 0 0 ,First,#,F:\BDGD_2018\UCMT.shp,CAR_INST,-1,-1;LIV "LIV" true true false 4 Long 0 0 ,First,#,F:\BDGD_2018\UCMT.shp,LIV,-1,-1;DEM_01 "DEM_01" true true false 8 Double 0 0 ,First,#,F:\BDGD_2018\UCMT.shp,DEM_01,-1,-1;DEM_02 "DEM_02" true true false 8 Double 0 0 ,First,#,F:\BDGD_2018\UCMT.shp,DEM_02,-1,-1;DEM_03 "DEM_03" true true false 8 Double 0 0 ,First,#,F:\BDGD_2018\UCMT.shp,DEM_03,-1,-1;DEM_04 "DEM_04" true true false 8 Double 0 0 ,First,#,F:\BDGD_2018\UCMT.shp,DEM_04,-1,-1;DEM_05 "DEM_05" true true false 8 Double 0 0 ,First,#,F:\BDGD_2018\UCMT.shp,DEM_05,-1,-1;DEM_06 "DEM_06" true true false 8 Double 0 0 ,First,#,F:\BDGD_2018\UCMT.shp,DEM_06,-1,-1;DEM_07 "DEM_07" true true false 8 Double 0 0 ,First,#,F:\BDGD_2018\UCMT.shp,DEM_07,-1,-1;DEM_08 "DEM_08" true true false 8 Double 0 0 ,First,#,F:\BDGD_2018\UCMT.shp,DEM_08,-1,-1;DEM_09 "DEM_09" true true false 8 Double 0 0 ,First,#,F:\BDGD_2018\UCMT.shp,DEM_09,-1,-1;DEM_10 "DEM_10" true true false 8 Double 0 0 ,First,#,F:\BDGD_2018\UCMT.shp,DEM_10,-1,-1;DEM_11 "DEM_11" true true false 8 Double 0 0 ,First,#,F:\BDGD_2018\UCMT.shp,DEM_11,-1,-1;DEM_12 "DEM_12" true true false 8 Double 0 0 ,First,#,F:\BDGD_2018\UCMT.shp,DEM_12,-1,-1;ENE_01 "ENE_01" true true false 8 Double 0 0 ,First,#,F:\BDGD_2018\UCMT.shp,ENE_01,-1,-1;ENE_02 "ENE_02" true true false 8 Double 0 0 ,First,#,F:\BDGD_2018\UCMT.shp,ENE_02,-1,-1;ENE_03 "ENE_03" true true false 8 Double 0 0 ,First,#,F:\BDGD_2018\UCMT.shp,ENE_03,-1,-1;ENE_04 "ENE_04" true true false 8 Double 0 0 ,First,#,F:\BDGD_2018\UCMT.shp,ENE_04,-1,-1;ENE_05 "ENE_05" true true false 8 Double 0 0 ,First,#,F:\BDGD_2018\UCMT.shp,ENE_05,-1,-1;ENE_06 "ENE_06" true true false 8 Double 0 0 ,First,#,F:\BDGD_2018\UCMT.shp,ENE_06,-1,-1;ENE_07 "ENE_07" true true false 8 Double 0 0 ,First,#,F:\BDGD_2018\UCMT.shp,ENE_07,-1,-1;ENE_08 "ENE_08" true true false 8 Double 0 0 ,First,#,F:\BDGD_2018\UCMT.shp,ENE_08,-1,-1;ENE_09 "ENE_09" true true false 8 Double 0 0 ,First,#,F:\BDGD_2018\UCMT.shp,ENE_09,-1,-1;ENE_10 "ENE_10" true true false 8 Double 0 0 ,First,#,F:\BDGD_2018\UCMT.shp,ENE_10,-1,-1;ENE_11 "ENE_11" true true false 8 Double 0 0 ,First,#,F:\BDGD_2018\UCMT.shp,ENE_11,-1,-1;ENE_12 "ENE_12" true true false 8 Double 0 0 ,First,#,F:\BDGD_2018\UCMT.shp,ENE_12,-1,-1;DIC "DIC" true true false 8 Double 0 0 ,First,#,F:\BDGD_2018\UCMT.shp,DIC,-1,-1;FIC "FIC" true true false 8 Double 0 0 ,First,#,F:\BDGD_2018\UCMT.shp,FIC,-1,-1;SEMRED "SEMRED" true true false 4 Long 0 0 ,First,#,F:\BDGD_2018\UCMT.shp,SEMRED,-1,-1;DESCR "DESCR" true true false 254 Text 0 0 ,First,#,F:\BDGD_2018\UCMT.shp,DESCR,-1,-1;ARE_LOC "ARE_LOC" true true false 2 Text 0 0 ,First,#,F:\BDGD_2018\UCMT.shp,ARE_LOC,-1,-1" #</Process><Process ToolSource="c:\program files (x86)\arcgis\desktop10.4\ArcToolbox\Toolboxes\Data Management Tools.tbx\AddField" Date="20190125" Time="195919">AddField \\sap142\sig-r\Validacao\NVAL\enviadas_preliminar\DIST5160\2018-12-31\5160_2018-12-31_M10_20190125-1801.gdb\UCMT DATA_BASE DATE # # # # NULLABLE NON_REQUIRED #</Process><Process ToolSource="c:\program files (x86)\arcgis\desktop10.4\ArcToolbox\Toolboxes\Data Management Tools.tbx\RecalculateFeatureClassExtent" Date="20190125" Time="195920">RecalculateFeatureClassExtent \\sap142\sig-r\Validacao\NVAL\enviadas_preliminar\DIST5160\2018-12-31\5160_2018-12-31_M10_20190125-1801.gdb\UCMT</Process><Process ToolSource="c:\program files (x86)\arcgis\desktop10.4\ArcToolbox\Toolboxes\Data Management Tools.tbx\CalculateField" Date="20190125" Time="195922">CalculateField FC_LYR_2018-12-31_UCMT DATA_BASE "31/12/2018" PYTHON_9.3 #</Process><Process ToolSource="c:\program files (x86)\arcgis\desktop10.4\ArcToolbox\Toolboxes\Data Management Tools.tbx\CompressFileGeodatabaseData" Date="20190125" Time="200720">CompressFileGeodatabaseData \\sap142\sig-r\Validacao\NVAL\enviadas_preliminar\DIST5160\2018-12-31\5160_2018-12-31_M10_20190125-1801.gdb\UCMT "Lossless compression"</Process><Process ToolSource="c:\program files (x86)\arcgis\desktop10.4\ArcToolbox\Toolboxes\Analysis Tools.tbx\Erase" Date="20190125" Time="201117">Erase layer_verificacao \\sap142\sig-r\Validacao\NVAL\enviadas_preliminar\DIST5160\2018-12-31\5160_2018-12-31_M10_20190125-1801.gdb\CONJ \\sap142\sig-r\Validacao\NVAL\enviadas_preliminar\DIST5160\2018-12-31\5160_2018-12-31_M10_20190125-1801.gdb\UCMT_FORA #</Process><Process ToolSource="c:\program files (x86)\arcgis\desktop10.4\ArcToolbox\Toolboxes\Conversion Tools.tbx\FeatureClassToFeatureClass" Date="20190125" Time="201120">FeatureClassToFeatureClass \\sap142\sig-r\Validacao\NVAL\enviadas_preliminar\DIST5160\2018-12-31\5160_2018-12-31_M10_20190125-1801.gdb\UCMT_FORA \\sap142\sig-r\Validacao\NVAL\enviadas_preliminar\DIST5160\2018-12-31 5160_2018_12_31_M10_20190125_1801_UCMT_FORA # "COD_ID "COD_ID" true true false 20 Text 0 0 ,First,#,\\sap142\sig-r\Validacao\NVAL\enviadas_preliminar\DIST5160\2018-12-31\5160_2018-12-31_M10_20190125-1801.gdb\UCMT_FORA,COD_ID,-1,-1;PN_CON "PN_CON" true true false 20 Text 0 0 ,First,#,\\sap142\sig-r\Validacao\NVAL\enviadas_preliminar\DIST5160\2018-12-31\5160_2018-12-31_M10_20190125-1801.gdb\UCMT_FORA,PN_CON,-1,-1;DIST "DIST" true true false 4 Long 0 0 ,First,#,\\sap142\sig-r\Validacao\NVAL\enviadas_preliminar\DIST5160\2018-12-31\5160_2018-12-31_M10_20190125-1801.gdb\UCMT_FORA,DIST,-1,-1;PAC "PAC" true true false 20 Text 0 0 ,First,#,\\sap142\sig-r\Validacao\NVAL\enviadas_preliminar\DIST5160\2018-12-31\5160_2018-12-31_M10_20190125-1801.gdb\UCMT_FORA,PAC,-1,-1;CEG "CEG" true true false 21 Text 0 0 ,First,#,\\sap142\sig-r\Validacao\NVAL\enviadas_preliminar\DIST5160\2018-12-31\5160_2018-12-31_M10_20190125-1801.gdb\UCMT_FORA,CEG,-1,-1;CTMT "CTMT" true true false 20 Text 0 0 ,First,#,\\sap142\sig-r\Validacao\NVAL\enviadas_preliminar\DIST5160\2018-12-31\5160_2018-12-31_M10_20190125-1801.gdb\UCMT_FORA,CTMT,-1,-1;UNI_TR_S "UNI_TR_S" true true false 20 Text 0 0 ,First,#,\\sap142\sig-r\Validacao\NVAL\enviadas_preliminar\DIST5160\2018-12-31\5160_2018-12-31_M10_20190125-1801.gdb\UCMT_FORA,UNI_TR_S,-1,-1;SUB "SUB" true true false 20 Text 0 0 ,First,#,\\sap142\sig-r\Validacao\NVAL\enviadas_preliminar\DIST5160\2018-12-31\5160_2018-12-31_M10_20190125-1801.gdb\UCMT_FORA,SUB,-1,-1;CONJ "CONJ" true true false 4 Long 0 0 ,First,#,\\sap142\sig-r\Validacao\NVAL\enviadas_preliminar\DIST5160\2018-12-31\5160_2018-12-31_M10_20190125-1801.gdb\UCMT_FORA,CONJ,-1,-1;MUN "MUN" true true false 7 Text 0 0 ,First,#,\\sap142\sig-r\Validacao\NVAL\enviadas_preliminar\DIST5160\2018-12-31\5160_2018-12-31_M10_20190125-1801.gdb\UCMT_FORA,MUN,-1,-1;LGRD "LGRD" true true false 254 Text 0 0 ,First,#,\\sap142\sig-r\Validacao\NVAL\enviadas_preliminar\DIST5160\2018-12-31\5160_2018-12-31_M10_20190125-1801.gdb\UCMT_FORA,LGRD,-1,-1;BRR "BRR" true true false 254 Text 0 0 ,First,#,\\sap142\sig-r\Validacao\NVAL\enviadas_preliminar\DIST5160\2018-12-31\5160_2018-12-31_M10_20190125-1801.gdb\UCMT_FORA,BRR,-1,-1;CEP "CEP" true true false 8 Text 0 0 ,First,#,\\sap142\sig-r\Validacao\NVAL\enviadas_preliminar\DIST5160\2018-12-31\5160_2018-12-31_M10_20190125-1801.gdb\UCMT_FORA,CEP,-1,-1;CLAS_SUB "CLAS_SUB" true true false 4 Text 0 0 ,First,#,\\sap142\sig-r\Validacao\NVAL\enviadas_preliminar\DIST5160\2018-12-31\5160_2018-12-31_M10_20190125-1801.gdb\UCMT_FORA,CLAS_SUB,-1,-1;CNAE "CNAE" true true false 9 Text 0 0 ,First,#,\\sap142\sig-r\Validacao\NVAL\enviadas_preliminar\DIST5160\2018-12-31\5160_2018-12-31_M10_20190125-1801.gdb\UCMT_FORA,CNAE,-1,-1;TIP_CC "TIP_CC" true true false 20 Text 0 0 ,First,#,\\sap142\sig-r\Validacao\NVAL\enviadas_preliminar\DIST5160\2018-12-31\5160_2018-12-31_M10_20190125-1801.gdb\UCMT_FORA,TIP_CC,-1,-1;FAS_CON "FAS_CON" true true false 4 Text 0 0 ,First,#,\\sap142\sig-r\Validacao\NVAL\enviadas_preliminar\DIST5160\2018-12-31\5160_2018-12-31_M10_20190125-1801.gdb\UCMT_FORA,FAS_CON,-1,-1;GRU_TEN "GRU_TEN" true true false 2 Text 0 0 ,First,#,\\sap142\sig-r\Validacao\NVAL\enviadas_preliminar\DIST5160\2018-12-31\5160_2018-12-31_M10_20190125-1801.gdb\UCMT_FORA,GRU_TEN,-1,-1;TEN_FORN "TEN_FORN" true true false 3 Text 0 0 ,First,#,\\sap142\sig-r\Validacao\NVAL\enviadas_preliminar\DIST5160\2018-12-31\5160_2018-12-31_M10_20190125-1801.gdb\UCMT_FORA,TEN_FORN,-1,-1;GRU_TAR "GRU_TAR" true true false 4 Text 0 0 ,First,#,\\sap142\sig-r\Validacao\NVAL\enviadas_preliminar\DIST5160\2018-12-31\5160_2018-12-31_M10_20190125-1801.gdb\UCMT_FORA,GRU_TAR,-1,-1;SIT_ATIV "SIT_ATIV" true true false 2 Text 0 0 ,First,#,\\sap142\sig-r\Validacao\NVAL\enviadas_preliminar\DIST5160\2018-12-31\5160_2018-12-31_M10_20190125-1801.gdb\UCMT_FORA,SIT_ATIV,-1,-1;DAT_CON "DAT_CON" true true false 10 Text 0 0 ,First,#,\\sap142\sig-r\Validacao\NVAL\enviadas_preliminar\DIST5160\2018-12-31\5160_2018-12-31_M10_20190125-1801.gdb\UCMT_FORA,DAT_CON,-1,-1;CAR_INST "CAR_INST" true true false 8 Double 0 0 ,First,#,\\sap142\sig-r\Validacao\NVAL\enviadas_preliminar\DIST5160\2018-12-31\5160_2018-12-31_M10_20190125-1801.gdb\UCMT_FORA,CAR_INST,-1,-1;LIV "LIV" true true false 4 Long 0 0 ,First,#,\\sap142\sig-r\Validacao\NVAL\enviadas_preliminar\DIST5160\2018-12-31\5160_2018-12-31_M10_20190125-1801.gdb\UCMT_FORA,LIV,-1,-1;DEM_01 "DEM_01" true true false 8 Double 0 0 ,First,#,\\sap142\sig-r\Validacao\NVAL\enviadas_preliminar\DIST5160\2018-12-31\5160_2018-12-31_M10_20190125-1801.gdb\UCMT_FORA,DEM_01,-1,-1;DEM_02 "DEM_02" true true false 8 Double 0 0 ,First,#,\\sap142\sig-r\Validacao\NVAL\enviadas_preliminar\DIST5160\2018-12-31\5160_2018-12-31_M10_20190125-1801.gdb\UCMT_FORA,DEM_02,-1,-1;DEM_03 "DEM_03" true true false 8 Double 0 0 ,First,#,\\sap142\sig-r\Validacao\NVAL\enviadas_preliminar\DIST5160\2018-12-31\5160_2018-12-31_M10_20190125-1801.gdb\UCMT_FORA,DEM_03,-1,-1;DEM_04 "DEM_04" true true false 8 Double 0 0 ,First,#,\\sap142\sig-r\Validacao\NVAL\enviadas_preliminar\DIST5160\2018-12-31\5160_2018-12-31_M10_20190125-1801.gdb\UCMT_FORA,DEM_04,-1,-1;DEM_05 "DEM_05" true true false 8 Double 0 0 ,First,#,\\sap142\sig-r\Validacao\NVAL\enviadas_preliminar\DIST5160\2018-12-31\5160_2018-12-31_M10_20190125-1801.gdb\UCMT_FORA,DEM_05,-1,-1;DEM_06 "DEM_06" true true false 8 Double 0 0 ,First,#,\\sap142\sig-r\Validacao\NVAL\enviadas_preliminar\DIST5160\2018-12-31\5160_2018-12-31_M10_20190125-1801.gdb\UCMT_FORA,DEM_06,-1,-1;DEM_07 "DEM_07" true true false 8 Double 0 0 ,First,#,\\sap142\sig-r\Validacao\NVAL\enviadas_preliminar\DIST5160\2018-12-31\5160_2018-12-31_M10_20190125-1801.gdb\UCMT_FORA,DEM_07,-1,-1;DEM_08 "DEM_08" true true false 8 Double 0 0 ,First,#,\\sap142\sig-r\Validacao\NVAL\enviadas_preliminar\DIST5160\2018-12-31\5160_2018-12-31_M10_20190125-1801.gdb\UCMT_FORA,DEM_08,-1,-1;DEM_09 "DEM_09" true true false 8 Double 0 0 ,First,#,\\sap142\sig-r\Validacao\NVAL\enviadas_preliminar\DIST5160\2018-12-31\5160_2018-12-31_M10_20190125-1801.gdb\UCMT_FORA,DEM_09,-1,-1;DEM_10 "DEM_10" true true false 8 Double 0 0 ,First,#,\\sap142\sig-r\Validacao\NVAL\enviadas_preliminar\DIST5160\2018-12-31\5160_2018-12-31_M10_20190125-1801.gdb\UCMT_FORA,DEM_10,-1,-1;DEM_11 "DEM_11" true true false 8 Double 0 0 ,First,#,\\sap142\sig-r\Validacao\NVAL\enviadas_preliminar\DIST5160\2018-12-31\5160_2018-12-31_M10_20190125-1801.gdb\UCMT_FORA,DEM_11,-1,-1;DEM_12 "DEM_12" true true false 8 Double 0 0 ,First,#,\\sap142\sig-r\Validacao\NVAL\enviadas_preliminar\DIST5160\2018-12-31\5160_2018-12-31_M10_20190125-1801.gdb\UCMT_FORA,DEM_12,-1,-1;ENE_01 "ENE_01" true true false 8 Double 0 0 ,First,#,\\sap142\sig-r\Validacao\NVAL\enviadas_preliminar\DIST5160\2018-12-31\5160_2018-12-31_M10_20190125-1801.gdb\UCMT_FORA,ENE_01,-1,-1;ENE_02 "ENE_02" true true false 8 Double 0 0 ,First,#,\\sap142\sig-r\Validacao\NVAL\enviadas_preliminar\DIST5160\2018-12-31\5160_2018-12-31_M10_20190125-1801.gdb\UCMT_FORA,ENE_02,-1,-1;ENE_03 "ENE_03" true true false 8 Double 0 0 ,First,#,\\sap142\sig-r\Validacao\NVAL\enviadas_preliminar\DIST5160\2018-12-31\5160_2018-12-31_M10_20190125-1801.gdb\UCMT_FORA,ENE_03,-1,-1;ENE_04 "ENE_04" true true false 8 Double 0 0 ,First,#,\\sap142\sig-r\Validacao\NVAL\enviadas_preliminar\DIST5160\2018-12-31\5160_2018-12-31_M10_20190125-1801.gdb\UCMT_FORA,ENE_04,-1,-1;ENE_05 "ENE_05" true true false 8 Double 0 0 ,First,#,\\sap142\sig-r\Validacao\NVAL\enviadas_preliminar\DIST5160\2018-12-31\5160_2018-12-31_M10_20190125-1801.gdb\UCMT_FORA,ENE_05,-1,-1;ENE_06 "ENE_06" true true false 8 Double 0 0 ,First,#,\\sap142\sig-r\Validacao\NVAL\enviadas_preliminar\DIST5160\2018-12-31\5160_2018-12-31_M10_20190125-1801.gdb\UCMT_FORA,ENE_06,-1,-1;ENE_07 "ENE_07" true true false 8 Double 0 0 ,First,#,\\sap142\sig-r\Validacao\NVAL\enviadas_preliminar\DIST5160\2018-12-31\5160_2018-12-31_M10_20190125-1801.gdb\UCMT_FORA,ENE_07,-1,-1;ENE_08 "ENE_08" true true false 8 Double 0 0 ,First,#,\\sap142\sig-r\Validacao\NVAL\enviadas_preliminar\DIST5160\2018-12-31\5160_2018-12-31_M10_20190125-1801.gdb\UCMT_FORA,ENE_08,-1,-1;ENE_09 "ENE_09" true true false 8 Double 0 0 ,First,#,\\sap142\sig-r\Validacao\NVAL\enviadas_preliminar\DIST5160\2018-12-31\5160_2018-12-31_M10_20190125-1801.gdb\UCMT_FORA,ENE_09,-1,-1;ENE_10 "ENE_10" true true false 8 Double 0 0 ,First,#,\\sap142\sig-r\Validacao\NVAL\enviadas_preliminar\DIST5160\2018-12-31\5160_2018-12-31_M10_20190125-1801.gdb\UCMT_FORA,ENE_10,-1,-1;ENE_11 "ENE_11" true true false 8 Double 0 0 ,First,#,\\sap142\sig-r\Validacao\NVAL\enviadas_preliminar\DIST5160\2018-12-31\5160_2018-12-31_M10_20190125-1801.gdb\UCMT_FORA,ENE_11,-1,-1;ENE_12 "ENE_12" true true false 8 Double 0 0 ,First,#,\\sap142\sig-r\Validacao\NVAL\enviadas_preliminar\DIST5160\2018-12-31\5160_2018-12-31_M10_20190125-1801.gdb\UCMT_FORA,ENE_12,-1,-1;DIC "DIC" true true false 8 Double 0 0 ,First,#,\\sap142\sig-r\Validacao\NVAL\enviadas_preliminar\DIST5160\2018-12-31\5160_2018-12-31_M10_20190125-1801.gdb\UCMT_FORA,DIC,-1,-1;FIC "FIC" true true false 8 Double 0 0 ,First,#,\\sap142\sig-r\Validacao\NVAL\enviadas_preliminar\DIST5160\2018-12-31\5160_2018-12-31_M10_20190125-1801.gdb\UCMT_FORA,FIC,-1,-1;SEMRED "SEMRED" true true false 4 Long 0 0 ,First,#,\\sap142\sig-r\Validacao\NVAL\enviadas_preliminar\DIST5160\2018-12-31\5160_2018-12-31_M10_20190125-1801.gdb\UCMT_FORA,SEMRED,-1,-1;DESCR "DESCR" true true false 254 Text 0 0 ,First,#,\\sap142\sig-r\Validacao\NVAL\enviadas_preliminar\DIST5160\2018-12-31\5160_2018-12-31_M10_20190125-1801.gdb\UCMT_FORA,DESCR,-1,-1;ARE_LOC "ARE_LOC" true true false 2 Text 0 0 ,First,#,\\sap142\sig-r\Validacao\NVAL\enviadas_preliminar\DIST5160\2018-12-31\5160_2018-12-31_M10_20190125-1801.gdb\UCMT_FORA,ARE_LOC,-1,-1;DATA_BASE "DATA_BASE" true true false 8 Date 0 0 ,First,#,\\sap142\sig-r\Validacao\NVAL\enviadas_preliminar\DIST5160\2018-12-31\5160_2018-12-31_M10_20190125-1801.gdb\UCMT_FORA,DATA_BASE,-1,-1" #</Process></lineage></DataProperties><SyncDate>20190125</SyncDate><SyncTime>20112000</SyncTime><ModDate>20190125</ModDate><ModTime>20112000</ModTime></Esri><dataIdInfo><envirDesc Sync="TRUE"> Version 6.2 (Build 9200) ; Esri ArcGIS 10.4.1.5686</envirDesc><dataLang><languageCode value="por" Sync="TRUE"></languageCode><countryCode value="BRA" Sync="TRUE"></countryCode></dataLang><idCitation><resTitle Sync="TRUE">5160_2018_12_31_M10_20190125_1801_UCMT_FORA</resTitle><presForm><PresFormCd value="005" Sync="TRUE"></PresFormCd></presForm></idCitation><spatRpType><SpatRepTypCd value="001" Sync="TRUE"></SpatRepTypCd></spatRpType></dataIdInfo><mdLang><languageCode value="por" Sync="TRUE"></languageCode><countryCode value="BRA" Sync="TRUE"></countryCode></mdLang><distInfo><distFormat><formatName Sync="TRUE">Shapefile</formatName></distFormat><distTranOps><transSize Sync="TRUE">0.000</transSize></distTranOps></distInfo><mdHrLv><ScopeCd value="005" Sync="TRUE"></ScopeCd></mdHrLv><mdHrLvName Sync="TRUE">dataset</mdHrLvName><refSysInfo><RefSystem><refSysID><identCode code="4674" Sync="TRUE"></identCode><idCodeSpace Sync="TRUE">EPSG</idCodeSpace><idVersion Sync="TRUE">7.8.3(9.2.0)</idVersion></refSysID></RefSystem></refSysInfo><spatRepInfo><VectSpatRep><geometObjs Name="5160_2018_12_31_M10_20190125_1801_UCMT_FORA"><geoObjTyp><GeoObjTypCd value="004" Sync="TRUE"></GeoObjTypCd></geoObjTyp><geoObjCnt Sync="TRUE">0</geoObjCnt></geometObjs><topLvl><TopoLevCd value="001" Sync="TRUE"></TopoLevCd></topLvl></VectSpatRep></spatRepInfo><spdoinfo><ptvctinf><esriterm Name="5160_2018_12_31_M10_20190125_1801_UCMT_FORA"><efeatyp Sync="TRUE">Simple</efeatyp><efeageom code="1" Sync="TRUE"></efeageom><esritopo Sync="TRUE">FALSE</esritopo><efeacnt Sync="TRUE">0</efeacnt><spindex Sync="TRUE">FALSE</spindex><linrefer Sync="TRUE">FALSE</linrefer></esriterm></ptvctinf></spdoinfo><eainfo><detailed Name="5160_2018_12_31_M10_20190125_1801_UCMT_FORA"><enttyp><enttypl Sync="TRUE">5160_2018_12_31_M10_20190125_1801_UCMT_FORA</enttypl><enttypt Sync="TRUE">Feature Class</enttypt><enttypc Sync="TRUE">0</enttypc></enttyp><attr><attrlabl Sync="TRUE">FID</attrlabl><attalias Sync="TRUE">FID</attalias><attrtype Sync="TRUE">OID</attrtype><attwidth Sync="TRUE">4</attwidth><atprecis Sync="TRUE">0</atprecis><attscale Sync="TRUE">0</attscale><attrdef Sync="TRUE">Internal feature number.</attrdef><attrdefs Sync="TRUE">Esri</attrdefs><attrdomv><udom Sync="TRUE">Sequential unique whole numbers that are automatically generated.</udom></attrdomv></attr><attr><attrlabl Sync="TRUE">Shape</attrlabl><attalias Sync="TRUE">Shape</attalias><attrtype Sync="TRUE">Geometry</attrtype><attwidth Sync="TRUE">0</attwidth><atprecis Sync="TRUE">0</atprecis><attscale Sync="TRUE">0</attscale><attrdef Sync="TRUE">Feature geometry.</attrdef><attrdefs Sync="TRUE">Esri</attrdefs><attrdomv><udom Sync="TRUE">Coordinates defining the features.</udom></attrdomv></attr><attr><attrlabl Sync="TRUE">COD_ID</attrlabl><attalias Sync="TRUE">COD_ID</attalias><attrtype Sync="TRUE">String</attrtype><attwidth Sync="TRUE">20</attwidth><atprecis Sync="TRUE">0</atprecis><attscale Sync="TRUE">0</attscale></attr><attr><attrlabl Sync="TRUE">PN_CON</attrlabl><attalias Sync="TRUE">PN_CON</attalias><attrtype Sync="TRUE">String</attrtype><attwidth Sync="TRUE">20</attwidth><atprecis Sync="TRUE">0</atprecis><attscale Sync="TRUE">0</attscale></attr><attr><attrlabl Sync="TRUE">DIST</attrlabl><attalias Sync="TRUE">DIST</attalias><attrtype Sync="TRUE">Integer</attrtype><attwidth Sync="TRUE">10</attwidth><atprecis Sync="TRUE">10</atprecis><attscale Sync="TRUE">0</attscale></attr><attr><attrlabl Sync="TRUE">PAC</attrlabl><attalias Sync="TRUE">PAC</attalias><attrtype Sync="TRUE">String</attrtype><attwidth Sync="TRUE">20</attwidth><atprecis Sync="TRUE">0</atprecis><attscale Sync="TRUE">0</attscale></attr><attr><attrlabl Sync="TRUE">CEG</attrlabl><attalias Sync="TRUE">CEG</attalias><attrtype Sync="TRUE">String</attrtype><attwidth Sync="TRUE">21</attwidth><atprecis Sync="TRUE">0</atprecis><attscale Sync="TRUE">0</attscale></attr><attr><attrlabl Sync="TRUE">CTMT</attrlabl><attalias Sync="TRUE">CTMT</attalias><attrtype Sync="TRUE">String</attrtype><attwidth Sync="TRUE">20</attwidth><atprecis Sync="TRUE">0</atprecis><attscale Sync="TRUE">0</attscale></attr><attr><attrlabl Sync="TRUE">UNI_TR_S</attrlabl><attalias Sync="TRUE">UNI_TR_S</attalias><attrtype Sync="TRUE">String</attrtype><attwidth Sync="TRUE">20</attwidth><atprecis Sync="TRUE">0</atprecis><attscale Sync="TRUE">0</attscale></attr><attr><attrlabl Sync="TRUE">SUB</attrlabl><attalias Sync="TRUE">SUB</attalias><attrtype Sync="TRUE">String</attrtype><attwidth Sync="TRUE">20</attwidth><atprecis Sync="TRUE">0</atprecis><attscale Sync="TRUE">0</attscale></attr><attr><attrlabl Sync="TRUE">CONJ</attrlabl><attalias Sync="TRUE">CONJ</attalias><attrtype Sync="TRUE">Integer</attrtype><attwidth Sync="TRUE">10</attwidth><atprecis Sync="TRUE">10</atprecis><attscale Sync="TRUE">0</attscale></attr><attr><attrlabl Sync="TRUE">MUN</attrlabl><attalias Sync="TRUE">MUN</attalias><attrtype Sync="TRUE">String</attrtype><attwidth Sync="TRUE">7</attwidth><atprecis Sync="TRUE">0</atprecis><attscale Sync="TRUE">0</attscale></attr><attr><attrlabl Sync="TRUE">LGRD</attrlabl><attalias Sync="TRUE">LGRD</attalias><attrtype Sync="TRUE">String</attrtype><attwidth Sync="TRUE">254</attwidth><atprecis Sync="TRUE">0</atprecis><attscale Sync="TRUE">0</attscale></attr><attr><attrlabl Sync="TRUE">BRR</attrlabl><attalias Sync="TRUE">BRR</attalias><attrtype Sync="TRUE">String</attrtype><attwidth Sync="TRUE">254</attwidth><atprecis Sync="TRUE">0</atprecis><attscale Sync="TRUE">0</attscale></attr><attr><attrlabl Sync="TRUE">CEP</attrlabl><attalias Sync="TRUE">CEP</attalias><attrtype Sync="TRUE">String</attrtype><attwidth Sync="TRUE">8</attwidth><atprecis Sync="TRUE">0</atprecis><attscale Sync="TRUE">0</attscale></attr><attr><attrlabl Sync="TRUE">CLAS_SUB</attrlabl><attalias Sync="TRUE">CLAS_SUB</attalias><attrtype Sync="TRUE">String</attrtype><attwidth Sync="TRUE">4</attwidth><atprecis Sync="TRUE">0</atprecis><attscale Sync="TRUE">0</attscale></attr><attr><attrlabl Sync="TRUE">CNAE</attrlabl><attalias Sync="TRUE">CNAE</attalias><attrtype Sync="TRUE">String</attrtype><attwidth Sync="TRUE">9</attwidth><atprecis Sync="TRUE">0</atprecis><attscale Sync="TRUE">0</attscale></attr><attr><attrlabl Sync="TRUE">TIP_CC</attrlabl><attalias Sync="TRUE">TIP_CC</attalias><attrtype Sync="TRUE">String</attrtype><attwidth Sync="TRUE">20</attwidth><atprecis Sync="TRUE">0</atprecis><attscale Sync="TRUE">0</attscale></attr><attr><attrlabl Sync="TRUE">FAS_CON</attrlabl><attalias Sync="TRUE">FAS_CON</attalias><attrtype Sync="TRUE">String</attrtype><attwidth Sync="TRUE">4</attwidth><atprecis Sync="TRUE">0</atprecis><attscale Sync="TRUE">0</attscale></attr><attr><attrlabl Sync="TRUE">GRU_TEN</attrlabl><attalias Sync="TRUE">GRU_TEN</attalias><attrtype Sync="TRUE">String</attrtype><attwidth Sync="TRUE">2</attwidth><atprecis Sync="TRUE">0</atprecis><attscale Sync="TRUE">0</attscale></attr><attr><attrlabl Sync="TRUE">TEN_FORN</attrlabl><attalias Sync="TRUE">TEN_FORN</attalias><attrtype Sync="TRUE">String</attrtype><attwidth Sync="TRUE">3</attwidth><atprecis Sync="TRUE">0</atprecis><attscale Sync="TRUE">0</attscale></attr><attr><attrlabl Sync="TRUE">GRU_TAR</attrlabl><attalias Sync="TRUE">GRU_TAR</attalias><attrtype Sync="TRUE">String</attrtype><attwidth Sync="TRUE">4</attwidth><atprecis Sync="TRUE">0</atprecis><attscale Sync="TRUE">0</attscale></attr><attr><attrlabl Sync="TRUE">SIT_ATIV</attrlabl><attalias Sync="TRUE">SIT_ATIV</attalias><attrtype Sync="TRUE">String</attrtype><attwidth Sync="TRUE">2</attwidth><atprecis Sync="TRUE">0</atprecis><attscale Sync="TRUE">0</attscale></attr><attr><attrlabl Sync="TRUE">DAT_CON</attrlabl><attalias Sync="TRUE">DAT_CON</attalias><attrtype Sync="TRUE">String</attrtype><attwidth Sync="TRUE">10</attwidth><atprecis Sync="TRUE">0</atprecis><attscale Sync="TRUE">0</attscale></attr><attr><attrlabl Sync="TRUE">CAR_INST</attrlabl><attalias Sync="TRUE">CAR_INST</attalias><attrtype Sync="TRUE">Double</attrtype><attwidth Sync="TRUE">19</attwidth><atprecis Sync="TRUE">0</atprecis><attscale Sync="TRUE">0</attscale></attr><attr><attrlabl Sync="TRUE">LIV</attrlabl><attalias Sync="TRUE">LIV</attalias><attrtype Sync="TRUE">Integer</attrtype><attwidth Sync="TRUE">10</attwidth><atprecis Sync="TRUE">10</atprecis><attscale Sync="TRUE">0</attscale></attr><attr><attrlabl Sync="TRUE">DEM_01</attrlabl><attalias Sync="TRUE">DEM_01</attalias><attrtype Sync="TRUE">Double</attrtype><attwidth Sync="TRUE">19</attwidth><atprecis Sync="TRUE">0</atprecis><attscale Sync="TRUE">0</attscale></attr><attr><attrlabl Sync="TRUE">DEM_02</attrlabl><attalias Sync="TRUE">DEM_02</attalias><attrtype Sync="TRUE">Double</attrtype><attwidth Sync="TRUE">19</attwidth><atprecis Sync="TRUE">0</atprecis><attscale Sync="TRUE">0</attscale></attr><attr><attrlabl Sync="TRUE">DEM_03</attrlabl><attalias Sync="TRUE">DEM_03</attalias><attrtype Sync="TRUE">Double</attrtype><attwidth Sync="TRUE">19</attwidth><atprecis Sync="TRUE">0</atprecis><attscale Sync="TRUE">0</attscale></attr><attr><attrlabl Sync="TRUE">DEM_04</attrlabl><attalias Sync="TRUE">DEM_04</attalias><attrtype Sync="TRUE">Double</attrtype><attwidth Sync="TRUE">19</attwidth><atprecis Sync="TRUE">0</atprecis><attscale Sync="TRUE">0</attscale></attr><attr><attrlabl Sync="TRUE">DEM_05</attrlabl><attalias Sync="TRUE">DEM_05</attalias><attrtype Sync="TRUE">Double</attrtype><attwidth Sync="TRUE">19</attwidth><atprecis Sync="TRUE">0</atprecis><attscale Sync="TRUE">0</attscale></attr><attr><attrlabl Sync="TRUE">DEM_06</attrlabl><attalias Sync="TRUE">DEM_06</attalias><attrtype Sync="TRUE">Double</attrtype><attwidth Sync="TRUE">19</attwidth><atprecis Sync="TRUE">0</atprecis><attscale Sync="TRUE">0</attscale></attr><attr><attrlabl Sync="TRUE">DEM_07</attrlabl><attalias Sync="TRUE">DEM_07</attalias><attrtype Sync="TRUE">Double</attrtype><attwidth Sync="TRUE">19</attwidth><atprecis Sync="TRUE">0</atprecis><attscale Sync="TRUE">0</attscale></attr><attr><attrlabl Sync="TRUE">DEM_08</attrlabl><attalias Sync="TRUE">DEM_08</attalias><attrtype Sync="TRUE">Double</attrtype><attwidth Sync="TRUE">19</attwidth><atprecis Sync="TRUE">0</atprecis><attscale Sync="TRUE">0</attscale></attr><attr><attrlabl Sync="TRUE">DEM_09</attrlabl><attalias Sync="TRUE">DEM_09</attalias><attrtype Sync="TRUE">Double</attrtype><attwidth Sync="TRUE">19</attwidth><atprecis Sync="TRUE">0</atprecis><attscale Sync="TRUE">0</attscale></attr><attr><attrlabl Sync="TRUE">DEM_10</attrlabl><attalias Sync="TRUE">DEM_10</attalias><attrtype Sync="TRUE">Double</attrtype><attwidth Sync="TRUE">19</attwidth><atprecis Sync="TRUE">0</atprecis><attscale Sync="TRUE">0</attscale></attr><attr><attrlabl Sync="TRUE">DEM_11</attrlabl><attalias Sync="TRUE">DEM_11</attalias><attrtype Sync="TRUE">Double</attrtype><attwidth Sync="TRUE">19</attwidth><atprecis Sync="TRUE">0</atprecis><attscale Sync="TRUE">0</attscale></attr><attr><attrlabl Sync="TRUE">DEM_12</attrlabl><attalias Sync="TRUE">DEM_12</attalias><attrtype Sync="TRUE">Double</attrtype><attwidth Sync="TRUE">19</attwidth><atprecis Sync="TRUE">0</atprecis><attscale Sync="TRUE">0</attscale></attr><attr><attrlabl Sync="TRUE">ENE_01</attrlabl><attalias Sync="TRUE">ENE_01</attalias><attrtype Sync="TRUE">Double</attrtype><attwidth Sync="TRUE">19</attwidth><atprecis Sync="TRUE">0</atprecis><attscale Sync="TRUE">0</attscale></attr><attr><attrlabl Sync="TRUE">ENE_02</attrlabl><attalias Sync="TRUE">ENE_02</attalias><attrtype Sync="TRUE">Double</attrtype><attwidth Sync="TRUE">19</attwidth><atprecis Sync="TRUE">0</atprecis><attscale Sync="TRUE">0</attscale></attr><attr><attrlabl Sync="TRUE">ENE_03</attrlabl><attalias Sync="TRUE">ENE_03</attalias><attrtype Sync="TRUE">Double</attrtype><attwidth Sync="TRUE">19</attwidth><atprecis Sync="TRUE">0</atprecis><attscale Sync="TRUE">0</attscale></attr><attr><attrlabl Sync="TRUE">ENE_04</attrlabl><attalias Sync="TRUE">ENE_04</attalias><attrtype Sync="TRUE">Double</attrtype><attwidth Sync="TRUE">19</attwidth><atprecis Sync="TRUE">0</atprecis><attscale Sync="TRUE">0</attscale></attr><attr><attrlabl Sync="TRUE">ENE_05</attrlabl><attalias Sync="TRUE">ENE_05</attalias><attrtype Sync="TRUE">Double</attrtype><attwidth Sync="TRUE">19</attwidth><atprecis Sync="TRUE">0</atprecis><attscale Sync="TRUE">0</attscale></attr><attr><attrlabl Sync="TRUE">ENE_06</attrlabl><attalias Sync="TRUE">ENE_06</attalias><attrtype Sync="TRUE">Double</attrtype><attwidth Sync="TRUE">19</attwidth><atprecis Sync="TRUE">0</atprecis><attscale Sync="TRUE">0</attscale></attr><attr><attrlabl Sync="TRUE">ENE_07</attrlabl><attalias Sync="TRUE">ENE_07</attalias><attrtype Sync="TRUE">Double</attrtype><attwidth Sync="TRUE">19</attwidth><atprecis Sync="TRUE">0</atprecis><attscale Sync="TRUE">0</attscale></attr><attr><attrlabl Sync="TRUE">ENE_08</attrlabl><attalias Sync="TRUE">ENE_08</attalias><attrtype Sync="TRUE">Double</attrtype><attwidth Sync="TRUE">19</attwidth><atprecis Sync="TRUE">0</atprecis><attscale Sync="TRUE">0</attscale></attr><attr><attrlabl Sync="TRUE">ENE_09</attrlabl><attalias Sync="TRUE">ENE_09</attalias><attrtype Sync="TRUE">Double</attrtype><attwidth Sync="TRUE">19</attwidth><atprecis Sync="TRUE">0</atprecis><attscale Sync="TRUE">0</attscale></attr><attr><attrlabl Sync="TRUE">ENE_10</attrlabl><attalias Sync="TRUE">ENE_10</attalias><attrtype Sync="TRUE">Double</attrtype><attwidth Sync="TRUE">19</attwidth><atprecis Sync="TRUE">0</atprecis><attscale Sync="TRUE">0</attscale></attr><attr><attrlabl Sync="TRUE">ENE_11</attrlabl><attalias Sync="TRUE">ENE_11</attalias><attrtype Sync="TRUE">Double</attrtype><attwidth Sync="TRUE">19</attwidth><atprecis Sync="TRUE">0</atprecis><attscale Sync="TRUE">0</attscale></attr><attr><attrlabl Sync="TRUE">ENE_12</attrlabl><attalias Sync="TRUE">ENE_12</attalias><attrtype Sync="TRUE">Double</attrtype><attwidth Sync="TRUE">19</attwidth><atprecis Sync="TRUE">0</atprecis><attscale Sync="TRUE">0</attscale></attr><attr><attrlabl Sync="TRUE">DIC</attrlabl><attalias Sync="TRUE">DIC</attalias><attrtype Sync="TRUE">Double</attrtype><attwidth Sync="TRUE">19</attwidth><atprecis Sync="TRUE">0</atprecis><attscale Sync="TRUE">0</attscale></attr><attr><attrlabl Sync="TRUE">FIC</attrlabl><attalias Sync="TRUE">FIC</attalias><attrtype Sync="TRUE">Double</attrtype><attwidth Sync="TRUE">19</attwidth><atprecis Sync="TRUE">0</atprecis><attscale Sync="TRUE">0</attscale></attr><attr><attrlabl Sync="TRUE">SEMRED</attrlabl><attalias Sync="TRUE">SEMRED</attalias><attrtype Sync="TRUE">Integer</attrtype><attwidth Sync="TRUE">10</attwidth><atprecis Sync="TRUE">10</atprecis><attscale Sync="TRUE">0</attscale></attr><attr><attrlabl Sync="TRUE">DESCR</attrlabl><attalias Sync="TRUE">DESCR</attalias><attrtype Sync="TRUE">String</attrtype><attwidth Sync="TRUE">254</attwidth><atprecis Sync="TRUE">0</atprecis><attscale Sync="TRUE">0</attscale></attr><attr><attrlabl Sync="TRUE">ARE_LOC</attrlabl><attalias Sync="TRUE">ARE_LOC</attalias><attrtype Sync="TRUE">String</attrtype><attwidth Sync="TRUE">2</attwidth><atprecis Sync="TRUE">0</atprecis><attscale Sync="TRUE">0</attscale></attr><attr><attrlabl Sync="TRUE">DATA_BASE</attrlabl><attalias Sync="TRUE">DATA_BASE</attalias><attrtype Sync="TRUE">Date</attrtype><attwidth Sync="TRUE">8</attwidth><atprecis Sync="TRUE">0</atprecis><attscale Sync="TRUE">0</attscale></attr></detailed></eainfo><mdDateSt Sync="TRUE">20190125</mdDateSt></metadata>
