<metadata xml:lang="pt"><Esri><CreaDate>20170605</CreaDate><CreaTime>17115400</CreaTime><ArcGISFormat>1.0</ArcGISFormat><SyncOnce>FALSE</SyncOnce><DataProperties><itemProps><itemName Sync="TRUE">5160_2018_12_31_M10_20190125_1801_SSDBT_FORA</itemName><imsContentType Sync="TRUE">002</imsContentType><itemLocation><linkage Sync="TRUE">file://\\sap142\sig-r\Validacao\NVAL\enviadas_preliminar\DIST5160\2018-12-31\5160_2018_12_31_M10_20190125_1801_SSDBT_FORA.shp</linkage><protocol Sync="TRUE">Local Area Network</protocol></itemLocation><itemSize Sync="TRUE">0.000</itemSize></itemProps><coordRef><type Sync="TRUE">Geographic</type><geogcsn Sync="TRUE">GCS_SIRGAS_2000</geogcsn><csUnits Sync="TRUE">Angular Unit: Degree (0.017453)</csUnits><peXml Sync="TRUE">&lt;GeographicCoordinateSystem xsi:type='typens:GeographicCoordinateSystem' xmlns:xsi='http://www.w3.org/2001/XMLSchema-instance' xmlns:xs='http://www.w3.org/2001/XMLSchema' xmlns:typens='http://www.esri.com/schemas/ArcGIS/10.4'&gt;&lt;WKT&gt;GEOGCS[&amp;quot;GCS_SIRGAS_2000&amp;quot;,DATUM[&amp;quot;D_SIRGAS_2000&amp;quot;,SPHEROID[&amp;quot;GRS_1980&amp;quot;,6378137.0,298.257222101]],PRIMEM[&amp;quot;Greenwich&amp;quot;,0.0],UNIT[&amp;quot;Degree&amp;quot;,0.0174532925199433],AUTHORITY[&amp;quot;EPSG&amp;quot;,4674]]&lt;/WKT&gt;&lt;XOrigin&gt;-400&lt;/XOrigin&gt;&lt;YOrigin&gt;-400&lt;/YOrigin&gt;&lt;XYScale&gt;11258999068426.238&lt;/XYScale&gt;&lt;ZOrigin&gt;-100000&lt;/ZOrigin&gt;&lt;ZScale&gt;10000&lt;/ZScale&gt;&lt;MOrigin&gt;-100000&lt;/MOrigin&gt;&lt;MScale&gt;10000&lt;/MScale&gt;&lt;XYTolerance&gt;8.9831528411952133e-009&lt;/XYTolerance&gt;&lt;ZTolerance&gt;0.001&lt;/ZTolerance&gt;&lt;MTolerance&gt;0.001&lt;/MTolerance&gt;&lt;HighPrecision&gt;true&lt;/HighPrecision&gt;&lt;LeftLongitude&gt;-180&lt;/LeftLongitude&gt;&lt;WKID&gt;4674&lt;/WKID&gt;&lt;LatestWKID&gt;4674&lt;/LatestWKID&gt;&lt;/GeographicCoordinateSystem&gt;</peXml></coordRef><lineage><Process ToolSource="c:\program files (x86)\arcgis\engine10.4\ArcToolbox\Toolboxes\Data Management Tools.tbx\Append" Date="20190125" Time="180641">Append F:\BDGD_2018\SSDBT.shp C:\Users\#55166\Documents\SIGR_NVAL\DIST5160\2018-12-31\SIGR_NOVO.GDB\SSDBT NO_TEST "COD_ID "COD_ID" true true false 20 Text 0 0 ,First,#,F:\BDGD_2018\SSDBT.shp,COD_ID,-1,-1;PN_CON_1 "PN_CON_1" true true false 20 Text 0 0 ,First,#,F:\BDGD_2018\SSDBT.shp,PN_CON_1,-1,-1;PN_CON_2 "PN_CON_2" true true false 20 Text 0 0 ,First,#,F:\BDGD_2018\SSDBT.shp,PN_CON_2,-1,-1;UNI_TR_D "UNI_TR_D" true true false 20 Text 0 0 ,First,#,F:\BDGD_2018\SSDBT.shp,UNI_TR_D,-1,-1;CTMT "CTMT" true true false 20 Text 0 0 ,First,#,F:\BDGD_2018\SSDBT.shp,CTMT,-1,-1;UNI_TR_S "UNI_TR_S" true true false 20 Text 0 0 ,First,#,F:\BDGD_2018\SSDBT.shp,UNI_TR_S,-1,-1;SUB "SUB" true true false 20 Text 0 0 ,First,#,F:\BDGD_2018\SSDBT.shp,SUB,-1,-1;CONJ "CONJ" true true false 4 Long 0 0 ,First,#,F:\BDGD_2018\SSDBT.shp,CONJ,-1,-1;FAS_CON "FAS_CON" true true false 4 Text 0 0 ,First,#,F:\BDGD_2018\SSDBT.shp,FAS_CON,-1,-1;DIST "DIST" true true false 4 Long 0 0 ,First,#,F:\BDGD_2018\SSDBT.shp,DIST,-1,-1;PAC_1 "PAC_1" true true false 20 Text 0 0 ,First,#,F:\BDGD_2018\SSDBT.shp,PAC_1,-1,-1;PAC_2 "PAC_2" true true false 20 Text 0 0 ,First,#,F:\BDGD_2018\SSDBT.shp,PAC_2,-1,-1;TIP_CND "TIP_CND" true true false 20 Text 0 0 ,First,#,F:\BDGD_2018\SSDBT.shp,TIP_CND,-1,-1;POS "POS" true true false 2 Text 0 0 ,First,#,F:\BDGD_2018\SSDBT.shp,POS,-1,-1;ODI_FAS "ODI_FAS" true true false 99 Text 0 0 ,First,#,F:\BDGD_2018\SSDBT.shp,ODI_FAS,-1,-1;TI_FAS "TI_FAS" true true false 2 Text 0 0 ,First,#,F:\BDGD_2018\SSDBT.shp,TI_FAS,-1,-1;ODI_NEU "ODI_NEU" true true false 99 Text 0 0 ,First,#,F:\BDGD_2018\SSDBT.shp,ODI_NEU,-1,-1;TI_NEU "TI_NEU" true true false 2 Text 0 0 ,First,#,F:\BDGD_2018\SSDBT.shp,TI_NEU,-1,-1;COMP "COMP" true true false 8 Double 0 0 ,First,#,F:\BDGD_2018\SSDBT.shp,COMP,-1,-1;DESCR "DESCR" true true false 254 Text 0 0 ,First,#,F:\BDGD_2018\SSDBT.shp,DESCR,-1,-1;SITCONTFAS "SITCONTFAS" true true false 3 Text 0 0 ,First,#,F:\BDGD_2018\SSDBT.shp,SITCONTFAS,-1,-1;SITCONTNEU "SITCONTNEU" true true false 3 Text 0 0 ,First,#,F:\BDGD_2018\SSDBT.shp,SITCONTNEU,-1,-1;ARE_LOC "ARE_LOC" true true false 2 Text 0 0 ,First,#,F:\BDGD_2018\SSDBT.shp,ARE_LOC,-1,-1;Shape_Length "Shape_Length" false true true 8 Double 0 0 ,First,#" #</Process><Process ToolSource="c:\program files (x86)\arcgis\desktop10.4\ArcToolbox\Toolboxes\Data Management Tools.tbx\AddField" Date="20190125" Time="193733">AddField \\sap142\sig-r\Validacao\NVAL\enviadas_preliminar\DIST5160\2018-12-31\5160_2018-12-31_M10_20190125-1801.gdb\SSDBT DATA_BASE DATE # # # # NULLABLE NON_REQUIRED #</Process><Process ToolSource="c:\program files (x86)\arcgis\desktop10.4\ArcToolbox\Toolboxes\Data Management Tools.tbx\AddField" Date="20190125" Time="193735">AddField \\sap142\sig-r\Validacao\NVAL\enviadas_preliminar\DIST5160\2018-12-31\5160_2018-12-31_M10_20190125-1801.gdb\SSDBT COMP_GIS DOUBLE # # # # NULLABLE NON_REQUIRED #</Process><Process ToolSource="c:\program files (x86)\arcgis\desktop10.4\ArcToolbox\Toolboxes\Data Management Tools.tbx\RecalculateFeatureClassExtent" Date="20190125" Time="193744">RecalculateFeatureClassExtent \\sap142\sig-r\Validacao\NVAL\enviadas_preliminar\DIST5160\2018-12-31\5160_2018-12-31_M10_20190125-1801.gdb\SSDBT</Process><Process ToolSource="c:\program files (x86)\arcgis\desktop10.4\ArcToolbox\Toolboxes\Data Management Tools.tbx\CalculateField" Date="20190125" Time="194517">CalculateField FC_LYR_2018-12-31_SSDBT COMP_GIS !shape.geodesicLength@meters! PYTHON_9.3 #</Process><Process ToolSource="c:\program files (x86)\arcgis\desktop10.4\ArcToolbox\Toolboxes\Data Management Tools.tbx\CalculateField" Date="20190125" Time="194618">CalculateField FC_LYR_2018-12-31_SSDBT DATA_BASE "31/12/2018" PYTHON_9.3 #</Process><Process ToolSource="c:\program files (x86)\arcgis\desktop10.4\ArcToolbox\Toolboxes\Data Management Tools.tbx\CompressFileGeodatabaseData" Date="20190125" Time="200423">CompressFileGeodatabaseData \\sap142\sig-r\Validacao\NVAL\enviadas_preliminar\DIST5160\2018-12-31\5160_2018-12-31_M10_20190125-1801.gdb\SSDBT "Lossless compression"</Process><Process ToolSource="c:\program files (x86)\arcgis\desktop10.4\ArcToolbox\Toolboxes\Analysis Tools.tbx\Erase" Date="20190125" Time="201207">Erase layer_verificacao \\sap142\sig-r\Validacao\NVAL\enviadas_preliminar\DIST5160\2018-12-31\5160_2018-12-31_M10_20190125-1801.gdb\CONJ \\sap142\sig-r\Validacao\NVAL\enviadas_preliminar\DIST5160\2018-12-31\5160_2018-12-31_M10_20190125-1801.gdb\SSDBT_FORA #</Process><Process ToolSource="c:\program files (x86)\arcgis\desktop10.4\ArcToolbox\Toolboxes\Conversion Tools.tbx\FeatureClassToFeatureClass" Date="20190125" Time="201211">FeatureClassToFeatureClass \\sap142\sig-r\Validacao\NVAL\enviadas_preliminar\DIST5160\2018-12-31\5160_2018-12-31_M10_20190125-1801.gdb\SSDBT_FORA \\sap142\sig-r\Validacao\NVAL\enviadas_preliminar\DIST5160\2018-12-31 5160_2018_12_31_M10_20190125_1801_SSDBT_FORA # "COD_ID "COD_ID" true true false 20 Text 0 0 ,First,#,\\sap142\sig-r\Validacao\NVAL\enviadas_preliminar\DIST5160\2018-12-31\5160_2018-12-31_M10_20190125-1801.gdb\SSDBT_FORA,COD_ID,-1,-1;PN_CON_1 "PN_CON_1" true true false 20 Text 0 0 ,First,#,\\sap142\sig-r\Validacao\NVAL\enviadas_preliminar\DIST5160\2018-12-31\5160_2018-12-31_M10_20190125-1801.gdb\SSDBT_FORA,PN_CON_1,-1,-1;PN_CON_2 "PN_CON_2" true true false 20 Text 0 0 ,First,#,\\sap142\sig-r\Validacao\NVAL\enviadas_preliminar\DIST5160\2018-12-31\5160_2018-12-31_M10_20190125-1801.gdb\SSDBT_FORA,PN_CON_2,-1,-1;UNI_TR_D "UNI_TR_D" true true false 20 Text 0 0 ,First,#,\\sap142\sig-r\Validacao\NVAL\enviadas_preliminar\DIST5160\2018-12-31\5160_2018-12-31_M10_20190125-1801.gdb\SSDBT_FORA,UNI_TR_D,-1,-1;CTMT "CTMT" true true false 20 Text 0 0 ,First,#,\\sap142\sig-r\Validacao\NVAL\enviadas_preliminar\DIST5160\2018-12-31\5160_2018-12-31_M10_20190125-1801.gdb\SSDBT_FORA,CTMT,-1,-1;UNI_TR_S "UNI_TR_S" true true false 20 Text 0 0 ,First,#,\\sap142\sig-r\Validacao\NVAL\enviadas_preliminar\DIST5160\2018-12-31\5160_2018-12-31_M10_20190125-1801.gdb\SSDBT_FORA,UNI_TR_S,-1,-1;SUB "SUB" true true false 20 Text 0 0 ,First,#,\\sap142\sig-r\Validacao\NVAL\enviadas_preliminar\DIST5160\2018-12-31\5160_2018-12-31_M10_20190125-1801.gdb\SSDBT_FORA,SUB,-1,-1;CONJ "CONJ" true true false 4 Long 0 0 ,First,#,\\sap142\sig-r\Validacao\NVAL\enviadas_preliminar\DIST5160\2018-12-31\5160_2018-12-31_M10_20190125-1801.gdb\SSDBT_FORA,CONJ,-1,-1;FAS_CON "FAS_CON" true true false 4 Text 0 0 ,First,#,\\sap142\sig-r\Validacao\NVAL\enviadas_preliminar\DIST5160\2018-12-31\5160_2018-12-31_M10_20190125-1801.gdb\SSDBT_FORA,FAS_CON,-1,-1;DIST "DIST" true true false 4 Long 0 0 ,First,#,\\sap142\sig-r\Validacao\NVAL\enviadas_preliminar\DIST5160\2018-12-31\5160_2018-12-31_M10_20190125-1801.gdb\SSDBT_FORA,DIST,-1,-1;PAC_1 "PAC_1" true true false 20 Text 0 0 ,First,#,\\sap142\sig-r\Validacao\NVAL\enviadas_preliminar\DIST5160\2018-12-31\5160_2018-12-31_M10_20190125-1801.gdb\SSDBT_FORA,PAC_1,-1,-1;PAC_2 "PAC_2" true true false 20 Text 0 0 ,First,#,\\sap142\sig-r\Validacao\NVAL\enviadas_preliminar\DIST5160\2018-12-31\5160_2018-12-31_M10_20190125-1801.gdb\SSDBT_FORA,PAC_2,-1,-1;TIP_CND "TIP_CND" true true false 20 Text 0 0 ,First,#,\\sap142\sig-r\Validacao\NVAL\enviadas_preliminar\DIST5160\2018-12-31\5160_2018-12-31_M10_20190125-1801.gdb\SSDBT_FORA,TIP_CND,-1,-1;POS "POS" true true false 2 Text 0 0 ,First,#,\\sap142\sig-r\Validacao\NVAL\enviadas_preliminar\DIST5160\2018-12-31\5160_2018-12-31_M10_20190125-1801.gdb\SSDBT_FORA,POS,-1,-1;ODI_FAS "ODI_FAS" true true false 99 Text 0 0 ,First,#,\\sap142\sig-r\Validacao\NVAL\enviadas_preliminar\DIST5160\2018-12-31\5160_2018-12-31_M10_20190125-1801.gdb\SSDBT_FORA,ODI_FAS,-1,-1;TI_FAS "TI_FAS" true true false 2 Text 0 0 ,First,#,\\sap142\sig-r\Validacao\NVAL\enviadas_preliminar\DIST5160\2018-12-31\5160_2018-12-31_M10_20190125-1801.gdb\SSDBT_FORA,TI_FAS,-1,-1;ODI_NEU "ODI_NEU" true true false 99 Text 0 0 ,First,#,\\sap142\sig-r\Validacao\NVAL\enviadas_preliminar\DIST5160\2018-12-31\5160_2018-12-31_M10_20190125-1801.gdb\SSDBT_FORA,ODI_NEU,-1,-1;TI_NEU "TI_NEU" true true false 2 Text 0 0 ,First,#,\\sap142\sig-r\Validacao\NVAL\enviadas_preliminar\DIST5160\2018-12-31\5160_2018-12-31_M10_20190125-1801.gdb\SSDBT_FORA,TI_NEU,-1,-1;COMP "COMP" true true false 8 Double 0 0 ,First,#,\\sap142\sig-r\Validacao\NVAL\enviadas_preliminar\DIST5160\2018-12-31\5160_2018-12-31_M10_20190125-1801.gdb\SSDBT_FORA,COMP,-1,-1;DESCR "DESCR" true true false 254 Text 0 0 ,First,#,\\sap142\sig-r\Validacao\NVAL\enviadas_preliminar\DIST5160\2018-12-31\5160_2018-12-31_M10_20190125-1801.gdb\SSDBT_FORA,DESCR,-1,-1;SITCONTFAS "SITCONTFAS" true true false 3 Text 0 0 ,First,#,\\sap142\sig-r\Validacao\NVAL\enviadas_preliminar\DIST5160\2018-12-31\5160_2018-12-31_M10_20190125-1801.gdb\SSDBT_FORA,SITCONTFAS,-1,-1;SITCONTNEU "SITCONTNEU" true true false 3 Text 0 0 ,First,#,\\sap142\sig-r\Validacao\NVAL\enviadas_preliminar\DIST5160\2018-12-31\5160_2018-12-31_M10_20190125-1801.gdb\SSDBT_FORA,SITCONTNEU,-1,-1;ARE_LOC "ARE_LOC" true true false 2 Text 0 0 ,First,#,\\sap142\sig-r\Validacao\NVAL\enviadas_preliminar\DIST5160\2018-12-31\5160_2018-12-31_M10_20190125-1801.gdb\SSDBT_FORA,ARE_LOC,-1,-1;DATA_BASE "DATA_BASE" true true false 8 Date 0 0 ,First,#,\\sap142\sig-r\Validacao\NVAL\enviadas_preliminar\DIST5160\2018-12-31\5160_2018-12-31_M10_20190125-1801.gdb\SSDBT_FORA,DATA_BASE,-1,-1;COMP_GIS "COMP_GIS" true true false 8 Double 0 0 ,First,#,\\sap142\sig-r\Validacao\NVAL\enviadas_preliminar\DIST5160\2018-12-31\5160_2018-12-31_M10_20190125-1801.gdb\SSDBT_FORA,COMP_GIS,-1,-1;Shape_Leng "Shape_Leng" false true true 8 Double 0 0 ,First,#,\\sap142\sig-r\Validacao\NVAL\enviadas_preliminar\DIST5160\2018-12-31\5160_2018-12-31_M10_20190125-1801.gdb\SSDBT_FORA,Shape_Length,-1,-1" #</Process></lineage></DataProperties><SyncDate>20190125</SyncDate><SyncTime>20121000</SyncTime><ModDate>20190125</ModDate><ModTime>20121000</ModTime></Esri><dataIdInfo><envirDesc Sync="TRUE"> Version 6.2 (Build 9200) ; Esri ArcGIS 10.4.1.5686</envirDesc><dataLang><languageCode value="por" Sync="TRUE"></languageCode><countryCode value="BRA" Sync="TRUE"></countryCode></dataLang><idCitation><resTitle Sync="TRUE">5160_2018_12_31_M10_20190125_1801_SSDBT_FORA</resTitle><presForm><PresFormCd value="005" Sync="TRUE"></PresFormCd></presForm></idCitation><spatRpType><SpatRepTypCd value="001" Sync="TRUE"></SpatRepTypCd></spatRpType></dataIdInfo><mdLang><languageCode value="por" Sync="TRUE"></languageCode><countryCode value="BRA" Sync="TRUE"></countryCode></mdLang><distInfo><distFormat><formatName Sync="TRUE">Shapefile</formatName></distFormat><distTranOps><transSize Sync="TRUE">0.000</transSize></distTranOps></distInfo><mdHrLv><ScopeCd value="005" Sync="TRUE"></ScopeCd></mdHrLv><mdHrLvName Sync="TRUE">dataset</mdHrLvName><refSysInfo><RefSystem><refSysID><identCode code="4674" Sync="TRUE"></identCode><idCodeSpace Sync="TRUE">EPSG</idCodeSpace><idVersion Sync="TRUE">7.8.3(9.2.0)</idVersion></refSysID></RefSystem></refSysInfo><spatRepInfo><VectSpatRep><geometObjs Name="5160_2018_12_31_M10_20190125_1801_SSDBT_FORA"><geoObjTyp><GeoObjTypCd value="002" Sync="TRUE"></GeoObjTypCd></geoObjTyp><geoObjCnt Sync="TRUE">0</geoObjCnt></geometObjs><topLvl><TopoLevCd value="001" Sync="TRUE"></TopoLevCd></topLvl></VectSpatRep></spatRepInfo><spdoinfo><ptvctinf><esriterm Name="5160_2018_12_31_M10_20190125_1801_SSDBT_FORA"><efeatyp Sync="TRUE">Simple</efeatyp><efeageom code="3" Sync="TRUE"></efeageom><esritopo Sync="TRUE">FALSE</esritopo><efeacnt Sync="TRUE">0</efeacnt><spindex Sync="TRUE">FALSE</spindex><linrefer Sync="TRUE">FALSE</linrefer></esriterm></ptvctinf></spdoinfo><eainfo><detailed Name="5160_2018_12_31_M10_20190125_1801_SSDBT_FORA"><enttyp><enttypl Sync="TRUE">5160_2018_12_31_M10_20190125_1801_SSDBT_FORA</enttypl><enttypt Sync="TRUE">Feature Class</enttypt><enttypc Sync="TRUE">0</enttypc></enttyp><attr><attrlabl Sync="TRUE">FID</attrlabl><attalias Sync="TRUE">FID</attalias><attrtype Sync="TRUE">OID</attrtype><attwidth Sync="TRUE">4</attwidth><atprecis Sync="TRUE">0</atprecis><attscale Sync="TRUE">0</attscale><attrdef Sync="TRUE">Internal feature number.</attrdef><attrdefs Sync="TRUE">Esri</attrdefs><attrdomv><udom Sync="TRUE">Sequential unique whole numbers that are automatically generated.</udom></attrdomv></attr><attr><attrlabl Sync="TRUE">Shape</attrlabl><attalias Sync="TRUE">Shape</attalias><attrtype Sync="TRUE">Geometry</attrtype><attwidth Sync="TRUE">0</attwidth><atprecis Sync="TRUE">0</atprecis><attscale Sync="TRUE">0</attscale><attrdef Sync="TRUE">Feature geometry.</attrdef><attrdefs Sync="TRUE">Esri</attrdefs><attrdomv><udom Sync="TRUE">Coordinates defining the features.</udom></attrdomv></attr><attr><attrlabl Sync="TRUE">COD_ID</attrlabl><attalias Sync="TRUE">COD_ID</attalias><attrtype Sync="TRUE">String</attrtype><attwidth Sync="TRUE">20</attwidth><atprecis Sync="TRUE">0</atprecis><attscale Sync="TRUE">0</attscale></attr><attr><attrlabl Sync="TRUE">PN_CON_1</attrlabl><attalias Sync="TRUE">PN_CON_1</attalias><attrtype Sync="TRUE">String</attrtype><attwidth Sync="TRUE">20</attwidth><atprecis Sync="TRUE">0</atprecis><attscale Sync="TRUE">0</attscale></attr><attr><attrlabl Sync="TRUE">PN_CON_2</attrlabl><attalias Sync="TRUE">PN_CON_2</attalias><attrtype Sync="TRUE">String</attrtype><attwidth Sync="TRUE">20</attwidth><atprecis Sync="TRUE">0</atprecis><attscale Sync="TRUE">0</attscale></attr><attr><attrlabl Sync="TRUE">UNI_TR_D</attrlabl><attalias Sync="TRUE">UNI_TR_D</attalias><attrtype Sync="TRUE">String</attrtype><attwidth Sync="TRUE">20</attwidth><atprecis Sync="TRUE">0</atprecis><attscale Sync="TRUE">0</attscale></attr><attr><attrlabl Sync="TRUE">CTMT</attrlabl><attalias Sync="TRUE">CTMT</attalias><attrtype Sync="TRUE">String</attrtype><attwidth Sync="TRUE">20</attwidth><atprecis Sync="TRUE">0</atprecis><attscale Sync="TRUE">0</attscale></attr><attr><attrlabl Sync="TRUE">UNI_TR_S</attrlabl><attalias Sync="TRUE">UNI_TR_S</attalias><attrtype Sync="TRUE">String</attrtype><attwidth Sync="TRUE">20</attwidth><atprecis Sync="TRUE">0</atprecis><attscale Sync="TRUE">0</attscale></attr><attr><attrlabl Sync="TRUE">SUB</attrlabl><attalias Sync="TRUE">SUB</attalias><attrtype Sync="TRUE">String</attrtype><attwidth Sync="TRUE">20</attwidth><atprecis Sync="TRUE">0</atprecis><attscale Sync="TRUE">0</attscale></attr><attr><attrlabl Sync="TRUE">CONJ</attrlabl><attalias Sync="TRUE">CONJ</attalias><attrtype Sync="TRUE">Integer</attrtype><attwidth Sync="TRUE">10</attwidth><atprecis Sync="TRUE">10</atprecis><attscale Sync="TRUE">0</attscale></attr><attr><attrlabl Sync="TRUE">FAS_CON</attrlabl><attalias Sync="TRUE">FAS_CON</attalias><attrtype Sync="TRUE">String</attrtype><attwidth Sync="TRUE">4</attwidth><atprecis Sync="TRUE">0</atprecis><attscale Sync="TRUE">0</attscale></attr><attr><attrlabl Sync="TRUE">DIST</attrlabl><attalias Sync="TRUE">DIST</attalias><attrtype Sync="TRUE">Integer</attrtype><attwidth Sync="TRUE">10</attwidth><atprecis Sync="TRUE">10</atprecis><attscale Sync="TRUE">0</attscale></attr><attr><attrlabl Sync="TRUE">PAC_1</attrlabl><attalias Sync="TRUE">PAC_1</attalias><attrtype Sync="TRUE">String</attrtype><attwidth Sync="TRUE">20</attwidth><atprecis Sync="TRUE">0</atprecis><attscale Sync="TRUE">0</attscale></attr><attr><attrlabl Sync="TRUE">PAC_2</attrlabl><attalias Sync="TRUE">PAC_2</attalias><attrtype Sync="TRUE">String</attrtype><attwidth Sync="TRUE">20</attwidth><atprecis Sync="TRUE">0</atprecis><attscale Sync="TRUE">0</attscale></attr><attr><attrlabl Sync="TRUE">TIP_CND</attrlabl><attalias Sync="TRUE">TIP_CND</attalias><attrtype Sync="TRUE">String</attrtype><attwidth Sync="TRUE">20</attwidth><atprecis Sync="TRUE">0</atprecis><attscale Sync="TRUE">0</attscale></attr><attr><attrlabl Sync="TRUE">POS</attrlabl><attalias Sync="TRUE">POS</attalias><attrtype Sync="TRUE">String</attrtype><attwidth Sync="TRUE">2</attwidth><atprecis Sync="TRUE">0</atprecis><attscale Sync="TRUE">0</attscale></attr><attr><attrlabl Sync="TRUE">ODI_FAS</attrlabl><attalias Sync="TRUE">ODI_FAS</attalias><attrtype Sync="TRUE">String</attrtype><attwidth Sync="TRUE">99</attwidth><atprecis Sync="TRUE">0</atprecis><attscale Sync="TRUE">0</attscale></attr><attr><attrlabl Sync="TRUE">TI_FAS</attrlabl><attalias Sync="TRUE">TI_FAS</attalias><attrtype Sync="TRUE">String</attrtype><attwidth Sync="TRUE">2</attwidth><atprecis Sync="TRUE">0</atprecis><attscale Sync="TRUE">0</attscale></attr><attr><attrlabl Sync="TRUE">ODI_NEU</attrlabl><attalias Sync="TRUE">ODI_NEU</attalias><attrtype Sync="TRUE">String</attrtype><attwidth Sync="TRUE">99</attwidth><atprecis Sync="TRUE">0</atprecis><attscale Sync="TRUE">0</attscale></attr><attr><attrlabl Sync="TRUE">TI_NEU</attrlabl><attalias Sync="TRUE">TI_NEU</attalias><attrtype Sync="TRUE">String</attrtype><attwidth Sync="TRUE">2</attwidth><atprecis Sync="TRUE">0</atprecis><attscale Sync="TRUE">0</attscale></attr><attr><attrlabl Sync="TRUE">COMP</attrlabl><attalias Sync="TRUE">COMP</attalias><attrtype Sync="TRUE">Double</attrtype><attwidth Sync="TRUE">19</attwidth><atprecis Sync="TRUE">0</atprecis><attscale Sync="TRUE">0</attscale></attr><attr><attrlabl Sync="TRUE">DESCR</attrlabl><attalias Sync="TRUE">DESCR</attalias><attrtype Sync="TRUE">String</attrtype><attwidth Sync="TRUE">254</attwidth><atprecis Sync="TRUE">0</atprecis><attscale Sync="TRUE">0</attscale></attr><attr><attrlabl Sync="TRUE">SITCONTFAS</attrlabl><attalias Sync="TRUE">SITCONTFAS</attalias><attrtype Sync="TRUE">String</attrtype><attwidth Sync="TRUE">3</attwidth><atprecis Sync="TRUE">0</atprecis><attscale Sync="TRUE">0</attscale></attr><attr><attrlabl Sync="TRUE">SITCONTNEU</attrlabl><attalias Sync="TRUE">SITCONTNEU</attalias><attrtype Sync="TRUE">String</attrtype><attwidth Sync="TRUE">3</attwidth><atprecis Sync="TRUE">0</atprecis><attscale Sync="TRUE">0</attscale></attr><attr><attrlabl Sync="TRUE">ARE_LOC</attrlabl><attalias Sync="TRUE">ARE_LOC</attalias><attrtype Sync="TRUE">String</attrtype><attwidth Sync="TRUE">2</attwidth><atprecis Sync="TRUE">0</atprecis><attscale Sync="TRUE">0</attscale></attr><attr><attrlabl Sync="TRUE">DATA_BASE</attrlabl><attalias Sync="TRUE">DATA_BASE</attalias><attrtype Sync="TRUE">Date</attrtype><attwidth Sync="TRUE">8</attwidth><atprecis Sync="TRUE">0</atprecis><attscale Sync="TRUE">0</attscale></attr><attr><attrlabl Sync="TRUE">COMP_GIS</attrlabl><attalias Sync="TRUE">COMP_GIS</attalias><attrtype Sync="TRUE">Double</attrtype><attwidth Sync="TRUE">19</attwidth><atprecis Sync="TRUE">0</atprecis><attscale Sync="TRUE">0</attscale></attr><attr><attrlabl Sync="TRUE">Shape_Leng</attrlabl><attalias Sync="TRUE">Shape_Leng</attalias><attrtype Sync="TRUE">Double</attrtype><attwidth Sync="TRUE">19</attwidth><atprecis Sync="TRUE">0</atprecis><attscale Sync="TRUE">0</attscale></attr></detailed></eainfo><mdDateSt Sync="TRUE">20190125</mdDateSt></metadata>
